Workbook

Sheet Sheet1
A1: Concentration (uM) | B1: rep1 | C1: rep2 | D1: rep3 | E1: Cell lines | F1: Run | G1: meanZero | H1: Concentration | I1: rep1 | J1: rep2 | K1: rep3 | L1: Cell lines | M1: Run | O1: Concentration | P1: rep1 | Q1: rep2 | R1: rep3 | S1: Cell lines | T1: Run | V1: Concentration | W1: rep1 | X1: rep2 | Y1: rep3 | Z1: Cell lines | AA1: Run | AD1: Concentration | AE1: rep1 | AF1: rep2 | AG1: rep3 | AH1: Cell lines | AI1: Run
A2: 50 | B2: 0 | C2: 362 | D2: 333 | E2: SNU1 C12 | F2: 1 | H2: 5 | I2: 1028 | J2: 1269 | K2: 1166 | L2: SNU1 C12 | M2: 2 | O2: 5 | P2: 553 | Q2: 540 | R2: 459 | S2: SNU1 C12 | T2: 3 | V2: 3 | W2: 901 | X2: 854 | Y2: 1087 | Z2: SNU1 C12 | AA2: 4 | AD2: 3 | AE2: 2678 | AF2: 2543 | AG2: 2396 | AH2: SNU1 C12 | AI2: 5
A3: 12.5 | B3: 0 | C3: 1201 | D3: 947 | E3: SNU1 C12 | F3: 1 | H3: 1.25 | I3: 1657 | J3: 1653 | K3: 1581 | L3: SNU1 C12 | M3: 2 | O3: 1.6666667 | P3: 615 | Q3: 572 | R3: 609 | S3: SNU1 C12 | T3: 3 | V3: 1 | W3: 814 | X3: 912 | Y3: 973 | Z3: SNU1 C12 | AA3: 4 | AD3: 0.68181818 | AE3: 4042 | AF3: 4194 | AG3: 4154 | AH3: SNU1 C12 | AI3: 5
A4: 3.125 | B4: 1286 | C4: 1263 | D4: 1124 | E4: SNU1 C12 | F4: 1 | H4: 0.3125 | I4: 6359 | J4: 7161 | K4: 5534 | L4: SNU1 C12 | M4: 2 | O4: 0.55555556 | P4: 1061 | Q4: 421 | R4: 831 | S4: SNU1 C12 | T4: 3 | V4: 0.33333333 | W4: 3694 | X4: 3817 | Y4: 3562 | Z4: SNU1 C12 | AA4: 4 | AD4: 0.15495868 | AE4: 13711 | AF4: 12595 | AG4: 13209 | AH4: SNU1 C12 | AI4: 5
A5: 0.78125 | B5: 1225 | C5: 1424 | D5: 1281 | E5: SNU1 C12 | F5: 1 | H5: 0.078125 | I5: 13926 | J5: 16713 | K5: 15658 | L5: SNU1 C12 | M5: 2 | O5: 0.18518519 | P5: 2590 | Q5: 4596 | R5: 5709 | S5: SNU1 C12 | T5: 3 | V5: 0.11111111 | W5: 5204 | X5: 4680 | Y5: 5588 | Z5: SNU1 C12 | AA5: 4 | AD5: 0.035217881 | AE5: 13445 | AF5: 15500 | AG5: 14232 | AH5: SNU1 C12 | AI5: 5
A6: 0.1953125 | B6: 4800 | C6: 5238 | D6: 3943 | E6: SNU1 C12 | F6: 1 | H6: 0.01953125 | I6: 18115 | J6: 16919 | K6: 18145 | L6: SNU1 C12 | M6: 2 | O6: 0.061728395 | P6: 6490 | Q6: 5095 | R6: 6743 | S6: SNU1 C12 | T6: 3 | V6: 0.037037037 | W6: 5058 | X6: 5438 | Y6: 5890 | Z6: SNU1 C12 | AA6: 4 | AD6: 0.008004064 | AE6: 14005 | AF6: 15270 | AG6: 15698 | AH6: SNU1 C12 | AI6: 5
A7: 0.048828125 | B7: 8878 | C7: 7774 | D7: 6913 | E7: SNU1 C12 | F7: 1 | H7: 0.004882813 | I7: 18512 | J7: 18254 | K7: 17247 | L7: SNU1 C12 | M7: 2 | O7: 0.020576132 | P7: 5350 | Q7: 8200 | R7: 7843 | S7: SNU1 C12 | T7: 3 | V7: 0.012345679 | W7: 7049 | X7: 7330 | Y7: 7434 | Z7: SNU1 C12 | AA7: 4 | AD7: 0.001819105 | AE7: 17193 | AF7: 17069 | AG7: 14344 | AH7: SNU1 C12 | AI7: 5
A8: 0.012207031 | B8: 6075 | C8: 5950 | D8: 5426 | E8: SNU1 C12 | F8: 1 | H8: 0.001220703 | I8: 22537 | J8: 19178 | K8: 18581 | L8: SNU1 C12 | M8: 2 | O8: 0.006858711 | P8: 9320 | Q8: 9932 | R8: 10739 | S8: SNU1 C12 | T8: 3 | V8: 0.0041152263 | W8: 7834 | X8: 7636 | Y8: 7962 | Z8: SNU1 C12 | AA8: 4 | AD8: 0.000413433 | AE8: 21190 | AF8: 17662 | AG8: 17752 | AH8: SNU1 C12 | AI8: 5
A9: 0 | B9: 12262 | C9: 16010 | D9: 15483 | E9: SNU1 C12 | F9: 1 | G9: =AVERAGE(B9:D9) -> 14585 | H9: 0 | I9: 26694 | J9: 25548 | K9: 23683 | L9: SNU1 C12 | M9: 2 | O9: 0 | P9: 13522 | Q9: 14060 | R9: 13770 | S9: SNU1 C12 | T9: 3 | V9: 0 | W9: 9848 | X9: 9934 | Y9: 10636 | Z9: SNU1 C12 | AA9: 4 | AD9: 0 | AE9: 20283 | AF9: 20031 | AG9: 18690 | AH9: SNU1 C12 | AI9: 5
A10: 50 | B10: 981 | C10: 776 | D10: 770 | E10: SNU1 C13 | F10: 1 | H10: 5 | I10: 406 | J10: 331 | K10: 352 | L10: SNU1 C13 | M10: 2 | O10: 5 | P10: 391 | Q10: 427 | R10: 276 | S10: SNU1 C13 | T10: 3 | V10: 3 | W10: 1370 | X10: 1434 | Y10: 1326 | Z10: SNU1 C13 | AA10: 4 | AD10: 3 | AE10: 1184 | AF10: 1206 | AG10: 1196 | AH10: SNU1 C13 | AI10: 5
A11: 12.5 | B11: 1086 | C11: 971 | D11: 1017 | E11: SNU1 C13 | F11: 1 | H11: 1.25 | I11: 933 | J11: 942 | K11: 915 | L11: SNU1 C13 | M11: 2 | O11: 1.6666667 | P11: 728 | Q11: 914 | R11: 839 | S11: SNU1 C13 | T11: 3 | V11: 1 | W11: 1614 | X11: 1485 | Y11: 1520 | Z11: SNU1 C13 | AA11: 4 | AD11: 0.68181818 | AE11: 2297 | AF11: 2495 | AG11: 2276 | AH11: SNU1 C13 | AI11: 5
A12: 3.125 | B12: 577 | C12: 473 | D12: 523 | E12: SNU1 C13 | F12: 1 | H12: 0.3125 | I12: 10460 | J12: 8646 | K12: 9217 | L12: SNU1 C13 | M12: 2 | O12: 0.55555556 | P12: 3266 | Q12: 3212 | R12: 2001 | S12: SNU1 C13 | T12: 3 | V12: 0.33333333 | W12: 10249 | X12: 8984 | Y12: 9544 | Z12: SNU1 C13 | AA12: 4 | AD12: 0.15495868 | AE12: 10820 | AF12: 9458 | AG12: 9561 | AH12: SNU1 C13 | AI12: 5
A13: 0.78125 | B13: 699 | C13: 905 | D13: 869 | E13: SNU1 C13 | F13: 1 | H13: 0.078125 | I13: 17411 | J13: 18010 | K13: 17080 | L13: SNU1 C13 | M13: 2 | O13: 0.18518519 | P13: 15523 | Q13: 11620 | R13: 3466 | S13: SNU1 C13 | T13: 3 | V13: 0.11111111 | W13: 14409 | X13: 14024 | Y13: 14549 | Z13: SNU1 C13 | AA13: 4 | AD13: 0.035217881 | AE13: 11327 | AF13: 9819 | AG13: 11278 | AH13: SNU1 C13 | AI13: 5
A14: 0.1953125 | B14: 5778 | C14: 4011 | D14: 5749 | E14: SNU1 C13 | F14: 1 | H14: 0.01953125 | I14: 14672 | J14: 15256 | K14: 12698 | L14: SNU1 C13 | M14: 2 | O14: 0.061728395 | P14: 15771 | Q14: 13965 | R14: 10773 | S14: SNU1 C13 | T14: 3 | V14: 0.037037037 | W14: 15842 | X14: 13583 | Y14: 13469 | Z14: SNU1 C13 | AA14: 4 | AD14: 0.008004064 | AE14: 11964 | AF14: 10471 | AG14: 10870 | AH14: SNU1 C13 | AI14: 5
A15: 0.048828125 | B15: 9880 | C15: 10945 | D15: 7419 | E15: SNU1 C13 | F15: 1 | H15: 0.004882813 | I15: 13005 | J15: 17149 | K15: 13749 | L15: SNU1 C13 | M15: 2 | O15: 0.020576132 | P15: 14099 | Q15: 11930 | R15: 12914 | S15: SNU1 C13 | T15: 3 | V15: 0.012345679 | W15: 16058 | X15: 14288 | Y15: 15981 | Z15: SNU1 C13 | AA15: 4 | AD15: 0.001819105 | AE15: 11926 | AF15: 9967 | AG15: 11734 | AH15: SNU1 C13 | AI15: 5
A16: 0.012207031 | B16: 12614 | C16: 11176 | D16: 10635 | E16: SNU1 C13 | F16: 1 | H16: 0.001220703 | I16: 15728 | J16: 12729 | K16: 15213 | L16: SNU1 C13 | M16: 2 | O16: 0.006858711 | P16: 19059 | Q16: 4419 | R16: 2227 | S16: SNU1 C13 | T16: 3 | V16: 0.0041152263 | W16: 16716 | X16: 17064 | Y16: 14974 | Z16: SNU1 C13 | AA16: 4 | AD16: 0.000413433 | AE16: 11719 | AF16: 10974 | AG16: 13535 | AH16: SNU1 C13 | AI16: 5
A17: 0 | B17: 21857 | C17: 14764 | D17: 12377 | E17: SNU1 C13 | F17: 1 | G17: =AVERAGE(B17:D17) -> 16332.667 | H17: 0 | I17: 13016 | J17: 12110 | K17: 12816 | L17: SNU1 C13 | M17: 2 | O17: 0 | P17: 16057 | Q17: 15018 | R17: 9035 | S17: SNU1 C13 | T17: 3 | V17: 0 | W17: 15345 | X17: 16967 | Y17: 17731 | Z17: SNU1 C13 | AA17: 4 | AD17: 0 | AE17: 10991 | AF17: 11611 | AG17: 10701 | AH17: SNU1 C13 | AI17: 5
A18: 50 | B18: 967 | C18: 942 | D18: 926 | E18: SNU1 C24 | F18: 1 | H18: 5 | I18: 1971 | J18: 2027 | K18: 2424 | L18: SNU1 C24 | M18: 2 | O18: 5 | P18: 641 | Q18: 637 | R18: 572 | S18: SNU1 C24 | T18: 3 | V18: 3 | W18: 1794 | X18: 1452 | Y18: 1582 | Z18: SNU1 C24 | AA18: 4 | AD18: 3 | AE18: 3125 | AF18: 3561 | AG18: 3603 | AH18: SNU1 C24 | AI18: 5
A19: 12.5 | B19: 925 | C19: 910 | D19: 684 | E19: SNU1 C24 | F19: 1 | H19: 1.25 | I19: 2393 | J19: 2506 | K19: 2439 | L19: SNU1 C24 | M19: 2 | O19: 1.6666667 | P19: 587 | Q19: 625 | R19: 550 | S19: SNU1 C24 | T19: 3 | V19: 1 | W19: 1475 | X19: 1395 | Y19: 1350 | Z19: SNU1 C24 | AA19: 4 | AD19: 0.68181818 | AE19: 3416 | AF19: 3518 | AG19: 3711 | AH19: SNU1 C24 | AI19: 5
A20: 3.125 | B20: 1027 | C20: 571 | D20: 635 | E20: SNU1 C24 | F20: 1 | H20: 0.3125 | I20: 4090 | J20: 3417 | K20: 4119 | L20: SNU1 C24 | M20: 2 | O20: 0.55555556 | P20: 543 | Q20: 501 | R20: 507 | S20: SNU1 C24 | T20: 3 | V20: 0.33333333 | W20: 2085 | X20: 2124 | Y20: 2372 | Z20: SNU1 C24 | AA20: 4 | AD20: 0.15495868 | AE20: 5227 | AF20: 4789 | AG20: 5601 | AH20: SNU1 C24 | AI20: 5
A21: 0.78125 | B21: 977 | C21: 740 | D21: 311 | E21: SNU1 C24 | F21: 1 | H21: 0.078125 | I21: 6135 | J21: 6050 | K21: 5680 | L21: SNU1 C24 | M21: 2 | O21: 0.18518519 | P21: 703 | Q21: 702 | R21: 854 | S21: SNU1 C24 | T21: 3 | V21: 0.11111111 | W21: 2862 | X21: 2552 | Y21: 2773 | Z21: SNU1 C24 | AA21: 4 | AD21: 0.035217881 | AE21: 6437 | AF21: 6674 | AG21: 5204 | AH21: SNU1 C24 | AI21: 5
A22: 0.1953125 | B22: 1577 | C22: 857 | D22: 1271 | E22: SNU1 C24 | F22: 1 | H22: 0.01953125 | I22: 6520 | J22: 5996 | K22: 6239 | L22: SNU1 C24 | M22: 2 | O22: 0.061728395 | P22: 1146 | Q22: 1045 | R22: 931 | S22: SNU1 C24 | T22: 3 | V22: 0.037037037 | W22: 5302 | X22: 2420 | Y22: 3269 | Z22: SNU1 C24 | AA22: 4 | AD22: 0.008004064 | AE22: 7718 | AF22: 6307 | AG22: 6030 | AH22: SNU1 C24 | AI22: 5
A23: 0.048828125 | B23: 2023 | C23: 1514 | D23: 1237 | E23: SNU1 C24 | F23: 1 | H23: 0.004882813 | I23: 8019 | J23: 7527 | K23: 6054 | L23: SNU1 C24 | M23: 2 | O23: 0.020576132 | P23: 1365 | Q23: 1449 | R23: 1299 | S23: SNU1 C24 | T23: 3 | V23: 0.012345679 | W23: 3968 | X23: 3569 | Y23: 3322 | Z23: SNU1 C24 | AA23: 4 | AD23: 0.001819105 | AE23: 8932 | AF23: 6842 | AG23: 6503 | AH23: SNU1 C24 | AI23: 5
A24: 0.012207031 | B24: 1431 | C24: 1354 | D24: 1074 | E24: SNU1 C24 | F24: 1 | H24: 0.001220703 | I24: 9813 | J24: 8453 | K24: 9290 | L24: SNU1 C24 | M24: 2 | O24: 0.006858711 | P24: 1843 | Q24: 2675 | R24: 2395 | S24: SNU1 C24 | T24: 3 | V24: 0.0041152263 | W24: 4615 | X24: 4243 | Y24: 3951 | Z24: SNU1 C24 | AA24: 4 | AD24: 0.000413433 | AE24: 10982 | AF24: 10628 | AG24: 8499 | AH24: SNU1 C24 | AI24: 5
A25: 0 | B25: 3497 | C25: 2264 | D25: 3953 | E25: SNU1 C24 | F25: 1 | G25: =AVERAGE(B25:D25) -> 3238 | H25: 0 | I25: 15172 | J25: 11870 | K25: 9675 | L25: SNU1 C24 | M25: 2 | O25: 0 | P25: 5163 | Q25: 4945 | R25: 4972 | S25: SNU1 C24 | T25: 3 | V25: 0 | W25: 9430 | X25: 8146 | Y25: 8723 | Z25: SNU1 C24 | AA25: 4 | AD25: 0 | AE25: 12464 | AF25: 12609 | AG25: 11664 | AH25: SNU1 C24 | AI25: 5
A26: 50 | B26: 119 | C26: 141 | D26: 148 | E26: SNU1 C111 | F26: 1 | H26: 5 | I26: 2043 | J26: 2119 | K26: 1908 | L26: SNU1 C111 | M26: 2 | V26: 3 | W26: 779 | X26: 675 | Y26: 654 | Z26: SNU1 C111 | AA26: 4 | AD26: 3 | AE26: 2965 | AF26: 2916 | AG26: 3085 | AH26: SNU1 C111 | AI26: 5
A27: 12.5 | B27: 437 | C27: 416 | D27: 469 | E27: SNU1 C111 | F27: 1 | H27: 1.25 | I27: 2291 | J27: 2021 | K27: 2230 | L27: SNU1 C111 | M27: 2 | V27: 1 | W27: 721 | X27: 722 | Y27: 954 | Z27: SNU1 C111 | AA27: 4 | AD27: 0.68181818 | AE27: 3356 | AF27: 3401 | AG27: 3420 | AH27: SNU1 C111 | AI27: 5
A28: 3.125 | B28: 103 | C28: 404 | D28: 219 | E28: SNU1 C111 | F28: 1 | H28: 0.3125 | I28: 7163 | J28: 6150 | K28: 6943 | L28: SNU1 C111 | M28: 2 | V28: 0.33333333 | W28: 1330 | X28: 1061 | Y28: 1338 | Z28: SNU1 C111 | AA28: 4 | AD28: 0.15495868 | AE28: 10452 | AF28: 9224 | AG28: 8294 | AH28: SNU1 C111 | AI28: 5
A29: 0.78125 | B29: 132 | C29: 72 | D29: 79 | E29: SNU1 C111 | F29: 1 | H29: 0.078125 | I29: 16376 | J29: 16034 | K29: 17807 | L29: SNU1 C111 | M29: 2 | V29: 0.11111111 | W29: 2234 | X29: 2041 | Y29: 1772 | Z29: SNU1 C111 | AA29: 4 | AD29: 0.035217881 | AE29: 11389 | AF29: 10481 | AG29: 11289 | AH29: SNU1 C111 | AI29: 5
A30: 0.1953125 | B30: 177 | C30: 214 | D30: 348 | E30: SNU1 C111 | F30: 1 | H30: 0.01953125 | I30: 18206 | J30: 19094 | K30: 16081 | L30: SNU1 C111 | M30: 2 | V30: 0.037037037 | W30: 2482 | X30: 2229 | Y30: 2041 | Z30: SNU1 C111 | AA30: 4 | AD30: 0.008004064 | AE30: 12904 | AF30: 11565 | AG30: 11137 | AH30: SNU1 C111 | AI30: 5
A31: 0.048828125 | B31: 2552 | C31: 816 | D31: 1642 | E31: SNU1 C111 | F31: 1 | H31: 0.004882813 | I31: 20664 | J31: 21230 | K31: 19708 | L31: SNU1 C111 | M31: 2 | V31: 0.012345679 | W31: 3363 | X31: 2963 | Y31: 2925 | Z31: SNU1 C111 | AA31: 4 | AD31: 0.001819105 | AE31: 12322 | AF31: 12088 | AG31: 11931 | AH31: SNU1 C111 | AI31: 5
A32: 0.012207031 | B32: 2777 | C32: 2454 | D32: 3191 | E32: SNU1 C111 | F32: 1 | H32: 0.001220703 | I32: 21801 | J32: 22720 | K32: 22949 | L32: SNU1 C111 | M32: 2 | V32: 0.0041152263 | W32: 2903 | X32: 3274 | Y32: 3258 | Z32: SNU1 C111 | AA32: 4 | AD32: 0.000413433 | AE32: 15885 | AF32: 15120 | AG32: 14340 | AH32: SNU1 C111 | AI32: 5
A33: 0 | B33: 10953 | C33: 11532 | D33: 10974 | E33: SNU1 C111 | F33: 1 | G33: =AVERAGE(B33:D33) -> 11153 | H33: 0 | I33: 29584 | J33: 27002 | K33: 27903 | L33: SNU1 C111 | M33: 2 | V33: 0 | W33: 8448 | X33: 7545 | Y33: 8928 | Z33: SNU1 C111 | AA33: 4 | AD33: 0 | AE33: 21346 | AF33: 19705 | AG33: 18315 | AH33: SNU1 C111 | AI33: 5
A34: 50 | B34: 263 | C34: 272 | D34: 275 | E34: SNU1 C114 | F34: 1 | H34: 5 | I34: 2534 | J34: 2328 | K34: 2226 | L34: SNU1 C114 | M34: 2 | V34: 3 | W34: 917 | X34: 856 | Y34: 904 | Z34: SNU1 C114 | AA34: 4 | AD34: 3 | AE34: 2526 | AF34: 2591 | AG34: 2555 | AH34: SNU1 C114 | AI34: 5
A35: 12.5 | B35: 912 | C35: 1045 | D35: 1006 | E35: SNU1 C114 | F35: 1 | H35: 1.25 | I35: 2956 | J35: 3038 | K35: 2918 | L35: SNU1 C114 | M35: 2 | V35: 1 | W35: 898 | X35: 969 | Y35: 1073 | Z35: SNU1 C114 | AA35: 4 | AD35: 0.68181818 | AE35: 4817 | AF35: 4924 | AG35: 5042 | AH35: SNU1 C114 | AI35: 5
A36: 3.125 | B36: 1106 | C36: 1172 | D36: 1704 | E36: SNU1 C114 | F36: 1 | H36: 0.3125 | I36: 6814 | J36: 6340 | K36: 6859 | L36: SNU1 C114 | M36: 2 | V36: 0.33333333 | W36: 2430 | X36: 2179 | Y36: 2213 | Z36: SNU1 C114 | AA36: 4 | AD36: 0.15495868 | AE36: 8938 | AF36: 8273 | AG36: 10608 | AH36: SNU1 C114 | AI36: 5
A37: 0.78125 | B37: 1346 | C37: 1125 | D37: 1414 | E37: SNU1 C114 | F37: 1 | H37: 0.078125 | I37: 12048 | J37: 11571 | K37: 12608 | L37: SNU1 C114 | M37: 2 | V37: 0.11111111 | W37: 3320 | X37: 3798 | Y37: 3051 | Z37: SNU1 C114 | AA37: 4 | AD37: 0.035217881 | AE37: 8497 | AF37: 7733 | AG37: 10961 | AH37: SNU1 C114 | AI37: 5
A38: 0.1953125 | B38: 1123 | C38: 563 | D38: 3245 | E38: SNU1 C114 | F38: 1 | H38: 0.01953125 | I38: 13245 | J38: 11763 | K38: 12668 | L38: SNU1 C114 | M38: 2 | V38: 0.037037037 | W38: 3815 | X38: 4429 | Y38: 3905 | Z38: SNU1 C114 | AA38: 4 | AD38: 0.008004064 | AE38: 7933 | AF38: 7168 | AG38: 7270 | AH38: SNU1 C114 | AI38: 5
A39: 0.048828125 | B39: 4349 | C39: 3769 | D39: 4713 | E39: SNU1 C114 | F39: 1 | H39: 0.004882813 | I39: 12085 | J39: 12402 | K39: 12741 | L39: SNU1 C114 | M39: 2 | V39: 0.012345679 | W39: 4752 | X39: 4600 | Y39: 4591 | Z39: SNU1 C114 | AA39: 4 | AD39: 0.001819105 | AE39: 6392 | AF39: 6203 | AG39: 7820 | AH39: SNU1 C114 | AI39: 5
A40: 0.012207031 | B40: 4916 | C40: 4818 | D40: 5479 | E40: SNU1 C114 | F40: 1 | H40: 0.001220703 | I40: 13082 | J40: 13373 | K40: 14799 | L40: SNU1 C114 | M40: 2 | V40: 0.0041152263 | W40: 4378 | X40: 4977 | Y40: 4746 | Z40: SNU1 C114 | AA40: 4 | AD40: 0.000413433 | AE40: 7234 | AF40: 8956 | AG40: 8689 | AH40: SNU1 C114 | AI40: 5
A41: 0 | B41: 10159 | C41: 13743 | D41: 14472 | E41: SNU1 C114 | F41: 1 | G41: =AVERAGE(B41:D41) -> 12791.333 | H41: 0 | I41: 14104 | J41: 13109 | K41: 14808 | L41: SNU1 C114 | M41: 2 | V41: 0 | W41: 10196 | X41: 10761 | Y41: 11698 | Z41: SNU1 C114 | AA41: 4 | AD41: 0 | AE41: 7255 | AF41: 9277 | AG41: 9745 | AH41: SNU1 C114 | AI41: 5
A42: 5 | B42: 1028 | C42: 1269 | D42: 1166 | E42: SNU1 C12 | F42: 2 | H42: 5 | I42: 553 | J42: 540 | K42: 459 | L42: SNU1 C12 | M42: 3
A43: 1.25 | B43: 1657 | C43: 1653 | D43: 1581 | E43: SNU1 C12 | F43: 2 | H43: 1.6666667 | I43: 615 | J43: 572 | K43: 609 | L43: SNU1 C12 | M43: 3
A44: 0.3125 | B44: 6359 | C44: 7161 | D44: 5534 | E44: SNU1 C12 | F44: 2 | H44: 0.55555556 | I44: 1061 | J44: 421 | K44: 831 | L44: SNU1 C12 | M44: 3
A45: 0.078125 | B45: 13926 | C45: 16713 | D45: 15658 | E45: SNU1 C12 | F45: 2 | H45: 0.18518519 | I45: 2590 | J45: 4596 | K45: 5709 | L45: SNU1 C12 | M45: 3
A46: 0.01953125 | B46: 18115 | C46: 16919 | D46: 18145 | E46: SNU1 C12 | F46: 2 | H46: 0.061728395 | I46: 6490 | J46: 5095 | K46: 6743 | L46: SNU1 C12 | M46: 3
A47: 0.004882813 | B47: 18512 | C47: 18254 | D47: 17247 | E47: SNU1 C12 | F47: 2 | H47: 0.020576132 | I47: 5350 | J47: 8200 | K47: 7843 | L47: SNU1 C12 | M47: 3
A48: 0.001220703 | B48: 22537 | C48: 19178 | D48: 18581 | E48: SNU1 C12 | F48: 2 | H48: 0.006858711 | I48: 9320 | J48: 9932 | K48: 10739 | L48: SNU1 C12 | M48: 3
A49: 0 | B49: 26694 | C49: 25548 | D49: 23683 | E49: SNU1 C12 | F49: 2 | G49: =AVERAGE(B49:D49) -> 25308.333 | H49: 0 | I49: 13522 | J49: 14060 | K49: 13770 | L49: SNU1 C12 | M49: 3
A50: 5 | B50: 406 | C50: 331 | D50: 352 | E50: SNU1 C13 | F50: 2 | H50: 5 | I50: 391 | J50: 427 | K50: 276 | L50: SNU1 C13 | M50: 3
A51: 1.25 | B51: 933 | C51: 942 | D51: 915 | E51: SNU1 C13 | F51: 2 | H51: 1.6666667 | I51: 728 | J51: 914 | K51: 839 | L51: SNU1 C13 | M51: 3
A52: 0.3125 | B52: 10460 | C52: 8646 | D52: 9217 | E52: SNU1 C13 | F52: 2 | H52: 0.55555556 | I52: 3266 | J52: 3212 | K52: 2001 | L52: SNU1 C13 | M52: 3
A53: 0.078125 | B53: 17411 | C53: 18010 | D53: 17080 | E53: SNU1 C13 | F53: 2 | H53: 0.18518519 | I53: 15523 | J53: 11620 | K53: 3466 | L53: SNU1 C13 | M53: 3
A54: 0.01953125 | B54: 14672 | C54: 15256 | D54: 12698 | E54: SNU1 C13 | F54: 2 | H54: 0.061728395 | I54: 15771 | J54: 13965 | K54: 10773 | L54: SNU1 C13 | M54: 3
A55: 0.004882813 | B55: 13005 | C55: 17149 | D55: 13749 | E55: SNU1 C13 | F55: 2 | H55: 0.020576132 | I55: 14099 | J55: 11930 | K55: 12914 | L55: SNU1 C13 | M55: 3
A56: 0.001220703 | B56: 15728 | C56: 12729 | D56: 15213 | E56: SNU1 C13 | F56: 2 | H56: 0.006858711 | I56: 19059 | J56: 4419 | K56: 2227 | L56: SNU1 C13 | M56: 3
A57: 0 | B57: 13016 | C57: 12110 | D57: 12816 | E57: SNU1 C13 | F57: 2 | G57: =AVERAGE(B57:D57) -> 12647.333 | H57: 0 | I57: 16057 | J57: 15018 | K57: 9035 | L57: SNU1 C13 | M57: 3
A58: 5 | B58: 1971 | C58: 2027 | D58: 2424 | E58: SNU1 C24 | F58: 2 | H58: 5 | I58: 641 | J58: 637 | K58: 572 | L58: SNU1 C24 | M58: 3
A59: 1.25 | B59: 2393 | C59: 2506 | D59: 2439 | E59: SNU1 C24 | F59: 2 | H59: 1.6666667 | I59: 587 | J59: 625 | K59: 550 | L59: SNU1 C24 | M59: 3
A60: 0.3125 | B60: 4090 | C60: 3417 | D60: 4119 | E60: SNU1 C24 | F60: 2 | H60: 0.55555556 | I60: 543 | J60: 501 | K60: 507 | L60: SNU1 C24 | M60: 3
A61: 0.078125 | B61: 6135 | C61: 6050 | D61: 5680 | E61: SNU1 C24 | F61: 2 | H61: 0.18518519 | I61: 703 | J61: 702 | K61: 854 | L61: SNU1 C24 | M61: 3
A62: 0.01953125 | B62: 6520 | C62: 5996 | D62: 6239 | E62: SNU1 C24 | F62: 2 | H62: 0.061728395 | I62: 1146 | J62: 1045 | K62: 931 | L62: SNU1 C24 | M62: 3
A63: 0.004882813 | B63: 8019 | C63: 7527 | D63: 6054 | E63: SNU1 C24 | F63: 2 | H63: 0.020576132 | I63: 1365 | J63: 1449 | K63: 1299 | L63: SNU1 C24 | M63: 3
A64: 0.001220703 | B64: 9813 | C64: 8453 | D64: 9290 | E64: SNU1 C24 | F64: 2 | H64: 0.006858711 | I64: 1843 | J64: 2675 | K64: 2395 | L64: SNU1 C24 | M64: 3
A65: 0 | B65: 15172 | C65: 11870 | D65: 9675 | E65: SNU1 C24 | F65: 2 | G65: =AVERAGE(B65:D65) -> 12239 | H65: 0 | I65: 5163 | J65: 4945 | K65: 4972 | L65: SNU1 C24 | M65: 3
A66: 5 | B66: 2043 | C66: 2119 | D66: 1908 | E66: SNU1 C111 | F66: 2
A67: 1.25 | B67: 2291 | C67: 2021 | D67: 2230 | E67: SNU1 C111 | F67: 2
A68: 0.3125 | B68: 7163 | C68: 6150 | D68: 6943 | E68: SNU1 C111 | F68: 2
A69: 0.078125 | B69: 16376 | C69: 16034 | D69: 17807 | E69: SNU1 C111 | F69: 2
A70: 0.01953125 | B70: 18206 | C70: 19094 | D70: 16081 | E70: SNU1 C111 | F70: 2
A71: 0.004882813 | B71: 20664 | C71: 21230 | D71: 19708 | E71: SNU1 C111 | F71: 2
A72: 0.001220703 | B72: 21801 | C72: 22720 | D72: 22949 | E72: SNU1 C111 | F72: 2
A73: 0 | B73: 29584 | C73: 27002 | D73: 27903 | E73: SNU1 C111 | F73: 2 | G73: =AVERAGE(B73:D73) -> 28163
A74: 5 | B74: 2534 | C74: 2328 | D74: 2226 | E74: SNU1 C114 | F74: 2
A75: 1.25 | B75: 2956 | C75: 3038 | D75: 2918 | E75: SNU1 C114 | F75: 2
A76: 0.3125 | B76: 6814 | C76: 6340 | D76: 6859 | E76: SNU1 C114 | F76: 2
A77: 0.078125 | B77: 12048 | C77: 11571 | D77: 12608 | E77: SNU1 C114 | F77: 2
A78: 0.01953125 | B78: 13245 | C78: 11763 | D78: 12668 | E78: SNU1 C114 | F78: 2
A79: 0.004882813 | B79: 12085 | C79: 12402 | D79: 12741 | E79: SNU1 C114 | F79: 2
A80: 0.001220703 | B80: 13082 | C80: 13373 | D80: 14799 | E80: SNU1 C114 | F80: 2
A81: 0 | B81: 14104 | C81: 13109 | D81: 14808 | E81: SNU1 C114 | F81: 2 | G81: =AVERAGE(B81:D81) -> 14007
A82: 5 | B82: 553 | C82: 540 | D82: 459 | E82: SNU1 C12 | F82: 3
A83: 1.6666667 | B83: 615 | C83: 572 | D83: 609 | E83: SNU1 C12 | F83: 3
A84: 0.55555556 | B84: 1061 | C84: 421 | D84: 831 | E84: SNU1 C12 | F84: 3
A85: 0.18518519 | B85: 2590 | C85: 4596 | D85: 5709 | E85: SNU1 C12 | F85: 3
A86: 0.061728395 | B86: 6490 | C86: 5095 | D86: 6743 | E86: SNU1 C12 | F86: 3
A87: 0.020576132 | B87: 5350 | C87: 8200 | D87: 7843 | E87: SNU1 C12 | F87: 3
A88: 0.006858711 | B88: 9320 | C88: 9932 | D88: 10739 | E88: SNU1 C12 | F88: 3
A89: 0 | B89: 13522 | C89: 14060 | D89: 13770 | E89: SNU1 C12 | F89: 3 | G89: =AVERAGE(B89:D89) -> 13784
A90: 5 | B90: 391 | C90: 427 | D90: 276 | E90: SNU1 C13 | F90: 3
A91: 1.6666667 | B91: 728 | C91: 914 | D91: 839 | E91: SNU1 C13 | F91: 3
A92: 0.55555556 | B92: 3266 | C92: 3212 | D92: 2001 | E92: SNU1 C13 | F92: 3
A93: 0.18518519 | B93: 15523 | C93: 11620 | D93: 3466 | E93: SNU1 C13 | F93: 3
A94: 0.061728395 | B94: 15771 | C94: 13965 | D94: 10773 | E94: SNU1 C13 | F94: 3
A95: 0.020576132 | B95: 14099 | C95: 11930 | D95: 12914 | E95: SNU1 C13 | F95: 3
A96: 0.006858711 | B96: 19059 | C96: 4419 | D96: 2227 | E96: SNU1 C13 | F96: 3
A97: 0 | B97: 16057 | C97: 15018 | D97: 9035 | E97: SNU1 C13 | F97: 3 | G97: =AVERAGE(B97:C97) -> 15537.5
A98: 5 | B98: 641 | C98: 637 | D98: 572 | E98: SNU1 C24 | F98: 3
A99: 1.6666667 | B99: 587 | C99: 625 | D99: 550 | E99: SNU1 C24 | F99: 3
A100: 0.55555556 | B100: 543 | C100: 501 | D100: 507 | E100: SNU1 C24 | F100: 3
...

Sheet Sheet2
A1: Concentration (nM) | B1: Count | C1: Cell line | D1: Run
A2: 50000 | B2: 0 | C2: SNU1 C12 | D2: 1
A3: 12500 | B3: 0 | C3: SNU1 C12 | D3: 1
A4: 3125 | B4: 1286 | C4: SNU1 C12 | D4: 1
A5: 781.25 | B5: 1225 | C5: SNU1 C12 | D5: 1
A6: 195.3125 | B6: 4800 | C6: SNU1 C12 | D6: 1
A7: 48.828125 | B7: 8878 | C7: SNU1 C12 | D7: 1
A8: 12.207031 | B8: 6075 | C8: SNU1 C12 | D8: 1
A9: 0 | B9: 12262 | C9: SNU1 C12 | D9: 1
A10: 50000 | B10: 981 | C10: SNU1 C13 | D10: 1
A11: 12500 | B11: 1086 | C11: SNU1 C13 | D11: 1
A12: 3125 | B12: 577 | C12: SNU1 C13 | D12: 1
A13: 781.25 | B13: 699 | C13: SNU1 C13 | D13: 1
... A553: 0 | B553: 9745 | C553: SNU1 C114 | D553: 5

Sheet Sheet3
A1: Concentration (nM) | B1: rep1 | C1: rep2 | D1: rep3 | E1: Cell lines | F1: Run | H1: Concentration (nM) | I1: rep1 | J1: rep2 | K1: rep3 | L1: Cell lines | M1: Run | N1: Concentration (nM) | O1: rep1 | P1: rep2 | Q1: rep3 | R1: Cell lines | S1: Run
A2: 50000 | B2: =Sheet1!B2/Sheet1!$G$9 -> 0 | C2: =Sheet1!C2/Sheet1!$G$9 -> 0.024820021 | D2: =Sheet1!D2/Sheet1!$G$9 -> 0.022831676 | E2: SNU1 C12 | F2: 1 | H2: 50000 | I2: 0 | J2: 0.024820021 | K2: 0.022831676 | L2: SNU1 C12 | M2: 1 | N2: 50000 | O2: =Sheet1!P2/Sheet1!$G$9 -> 0.037915667 | P2: =Sheet1!Q2/Sheet1!$G$9 -> 0.03702434 | Q2: =Sheet1!R2/Sheet1!$G$9 -> 0.031470689 | R2: SNU1 C12 | S2: 1
A3: 12500 | B3: =Sheet1!B3/Sheet1!$G$9 -> 0 | C3: =Sheet1!C3/Sheet1!$G$9 -> 0.082344875 | D3: =Sheet1!D3/Sheet1!$G$9 -> 0.064929722 | E3: SNU1 C12 | F3: 1 | H3: 12500 | I3: 0 | J3: 0.082344875 | K3: 0.064929722 | L3: SNU1 C12 | M3: 1 | N3: 12500 | O3: =Sheet1!P3/Sheet1!$G$9 -> 0.04216661 | P3: =Sheet1!Q3/Sheet1!$G$9 -> 0.039218375 | Q3: =Sheet1!R3/Sheet1!$G$9 -> 0.041755228 | R3: SNU1 C12 | S3: 1
A4: 3125 | B4: =Sheet1!B4/Sheet1!$G$9 -> 0.08817278 | C4: =Sheet1!C4/Sheet1!$G$9 -> 0.086595818 | D4: =Sheet1!D4/Sheet1!$G$9 -> 0.077065478 | E4: SNU1 C12 | F4: 1 | H4: 3125 | I4: 0.08817278 | J4: 0.086595818 | K4: 0.077065478 | L4: SNU1 C12 | M4: 1 | N4: 3125 | O4: =Sheet1!P4/Sheet1!$G$9 -> 0.072745972 | P4: =Sheet1!Q4/Sheet1!$G$9 -> 0.028865273 | Q4: =Sheet1!R4/Sheet1!$G$9 -> 0.056976346 | R4: SNU1 C12 | S4: 1
A5: 781.25 | B5: =Sheet1!B5/Sheet1!$G$9 -> 0.083990401 | C5: =Sheet1!C5/Sheet1!$G$9 -> 0.097634556 | D5: =Sheet1!D5/Sheet1!$G$9 -> 0.087829962 | E5: SNU1 C12 | F5: 1 | H5: 781.25 | I5: 0.083990401 | J5: 0.097634556 | K5: 0.087829962 | L5: SNU1 C12 | M5: 1 | N5: 781.25 | O5: =Sheet1!P5/Sheet1!$G$9 -> 0.17757971 | P5: =Sheet1!Q5/Sheet1!$G$9 -> 0.31511827 | Q5: =Sheet1!R5/Sheet1!$G$9 -> 0.39142955 | R5: SNU1 C12 | S5: 1
A6: 195.3125 | B6: =Sheet1!B6/Sheet1!$G$9 -> 0.32910525 | C6: =Sheet1!C6/Sheet1!$G$9 -> 0.3591361 | D6: =Sheet1!D6/Sheet1!$G$9 -> 0.27034625 | E6: SNU1 C12 | F6: 1 | H6: 195.3125 | I6: 0.32910525 | J6: 0.3591361 | K6: 0.27034625 | L6: SNU1 C12 | M6: 1 | N6: 195.3125 | O6: =Sheet1!P6/Sheet1!$G$9 -> 0.44497772 | P6: =Sheet1!Q6/Sheet1!$G$9 -> 0.3493315 | Q6: =Sheet1!R6/Sheet1!$G$9 -> 0.46232431 | R6: SNU1 C12 | S6: 1
A7: 48.828125 | B7: =Sheet1!B7/Sheet1!$G$9 -> 0.60870758 | C7: =Sheet1!C7/Sheet1!$G$9 -> 0.53301337 | D7: =Sheet1!D7/Sheet1!$G$9 -> 0.47398012 | E7: SNU1 C12 | F7: 1 | H7: 48.828125 | I7: 0.60870758 | J7: 0.53301337 | K7: 0.47398012 | L7: SNU1 C12 | M7: 1 | N7: 48.828125 | O7: =Sheet1!P7/Sheet1!$G$9 -> 0.36681522 | P7: =Sheet1!Q7/Sheet1!$G$9 -> 0.56222146 | Q7: =Sheet1!R7/Sheet1!$G$9 -> 0.53774426 | R7: SNU1 C12 | S7: 1
A8: 12.207031 | B8: =Sheet1!B8/Sheet1!$G$9 -> 0.41652383 | C8: =Sheet1!C8/Sheet1!$G$9 -> 0.40795338 | D8: =Sheet1!D8/Sheet1!$G$9 -> 0.37202605 | E8: SNU1 C12 | F8: 1 | H8: 12.207031 | I8: 0.41652383 | J8: 0.40795338 | K8: 0.37202605 | L8: SNU1 C12 | M8: 1 | N8: 12.207031 | O8: =Sheet1!P8/Sheet1!$G$9 -> 0.63901268 | P8: =Sheet1!Q8/Sheet1!$G$9 -> 0.6809736 | Q8: =Sheet1!R8/Sheet1!$G$9 -> 0.73630442 | R8: SNU1 C12 | S8: 1
A9: 0 | B9: =Sheet1!B9/Sheet1!$G$9 -> 0.84072677 | C9: =Sheet1!C9/Sheet1!$G$9 -> 1.0977031 | D9: =Sheet1!D9/Sheet1!$G$9 -> 1.0615701 | E9: SNU1 C12 | F9: 1 | H9: 0 | I9: 0.84072677 | J9: 1.0977031 | K9: 1.0615701 | L9: SNU1 C12 | M9: 1 | N9: 0 | O9: =Sheet1!P9/Sheet1!$G$9 -> 0.9271169 | P9: =Sheet1!Q9/Sheet1!$G$9 -> 0.96400411 | Q9: =Sheet1!R9/Sheet1!$G$9 -> 0.94412067 | R9: SNU1 C12 | S9: 1
A10: 50000 | B10: =Sheet1!B10/Sheet1!$G$17 -> 0.060063676 | C10: =Sheet1!C10/Sheet1!$G$17 -> 0.047512143 | D10: =Sheet1!D10/Sheet1!$G$17 -> 0.047144781 | E10: SNU1 C13 | F10: 1 | H10: 50000 | I10: 0.060063676 | J10: 0.047512143 | K10: 0.047144781 | L10: SNU1 C13 | M10: 1 | N10: 50000 | O10: =Sheet1!P10/Sheet1!$G$17 -> 0.023939753 | P10: =Sheet1!Q10/Sheet1!$G$17 -> 0.026143924 | Q10: =Sheet1!R10/Sheet1!$G$17 -> 0.016898649 | R10: SNU1 C13 | S10: 1
A11: 12500 | B11: =Sheet1!B11/Sheet1!$G$17 -> 0.06649251 | C11: =Sheet1!C11/Sheet1!$G$17 -> 0.059451406 | D11: =Sheet1!D11/Sheet1!$G$17 -> 0.062267848 | E11: SNU1 C13 | F11: 1 | H11: 12500 | I11: 0.06649251 | J11: 0.059451406 | K11: 0.062267848 | L11: SNU1 C13 | M11: 1 | N11: 12500 | O11: =Sheet1!P11/Sheet1!$G$17 -> 0.044573248 | P11: =Sheet1!Q11/Sheet1!$G$17 -> 0.055961468 | Q11: =Sheet1!R11/Sheet1!$G$17 -> 0.051369444 | R11: SNU1 C13 | S11: 1
A12: 3125 | B12: =Sheet1!B12/Sheet1!$G$17 -> 0.035327973 | C12: =Sheet1!C12/Sheet1!$G$17 -> 0.028960366 | D12: =Sheet1!D12/Sheet1!$G$17 -> 0.032021715 | E12: SNU1 C13 | F12: 1 | H12: 3125 | I12: 0.035327973 | J12: 0.028960366 | K12: 0.032021715 | L12: SNU1 C13 | M12: 1 | N12: 3125 | O12: =Sheet1!P12/Sheet1!$G$17 -> 0.19996735 | P12: =Sheet1!Q12/Sheet1!$G$17 -> 0.19666109 | Q12: =Sheet1!R12/Sheet1!$G$17 -> 0.1225152 | R12: SNU1 C13 | S12: 1
A13: 781.25 | B13: =Sheet1!B13/Sheet1!$G$17 -> 0.042797665 | C13: =Sheet1!C13/Sheet1!$G$17 -> 0.055410425 | D13: =Sheet1!D13/Sheet1!$G$17 -> 0.053206253 | E13: SNU1 C13 | F13: 1 | H13: 781.25 | I13: 0.042797665 | J13: 0.055410425 | K13: 0.053206253 | L13: SNU1 C13 | M13: 1 | N13: 781.25 | O13: =Sheet1!P13/Sheet1!$G$17 -> 0.95042655 | P13: =Sheet1!Q13/Sheet1!$G$17 -> 0.71145761 | Q13: =Sheet1!R13/Sheet1!$G$17 -> 0.21221274 | R13: SNU1 C13 | S13: 1
A14: 195.3125 | B14: =Sheet1!B14/Sheet1!$G$17 -> 0.35376954 | C14: =Sheet1!C14/Sheet1!$G$17 -> 0.24558145 | D14: =Sheet1!D14/Sheet1!$G$17 -> 0.35199396 | E14: SNU1 C13 | F14: 1 | H14: 195.3125 | I14: 0.35376954 | J14: 0.24558145 | K14: 0.35199396 | L14: SNU1 C13 | M14: 1 | N14: 195.3125 | O14: =Sheet1!P14/Sheet1!$G$17 -> 0.96561084 | P14: =Sheet1!Q14/Sheet1!$G$17 -> 0.8550349 | Q14: =Sheet1!R14/Sheet1!$G$17 -> 0.65959835 | R14: SNU1 C13 | S14: 1
A15: 48.828125 | B15: =Sheet1!B15/Sheet1!$G$17 -> 0.60492265 | C15: =Sheet1!C15/Sheet1!$G$17 -> 0.67012939 | D15: =Sheet1!D15/Sheet1!$G$17 -> 0.45424303 | E15: SNU1 C13 | F15: 1 | H15: 48.828125 | I15: 0.60492265 | J15: 0.67012939 | K15: 0.45424303 | L15: SNU1 C13 | M15: 1 | N15: 48.828125 | O15: =Sheet1!P15/Sheet1!$G$17 -> 0.86323932 | P15: =Sheet1!Q15/Sheet1!$G$17 -> 0.73043798 | Q15: =Sheet1!R15/Sheet1!$G$17 -> 0.79068533 | R15: SNU1 C13 | S15: 1
A16: 12.207031 | B16: =Sheet1!B16/Sheet1!$G$17 -> 0.77231724 | C16: =Sheet1!C16/Sheet1!$G$17 -> 0.68427283 | D16: =Sheet1!D16/Sheet1!$G$17 -> 0.65114903 | E16: SNU1 C13 | F16: 1 | H16: 12.207031 | I16: 0.77231724 | J16: 0.68427283 | K16: 0.65114903 | L16: SNU1 C13 | M16: 1 | N16: 12.207031 | O16: =Sheet1!P16/Sheet1!$G$17 -> 1.1669252 | P16: =Sheet1!Q16/Sheet1!$G$17 -> 0.27056206 | Q16: =Sheet1!R16/Sheet1!$G$17 -> 0.1363525 | R16: SNU1 C13 | S16: 1
A17: 0 | B17: =Sheet1!B17/Sheet1!$G$17 -> 1.3382383 | C17: =Sheet1!C17/Sheet1!$G$17 -> 0.90395526 | D17: =Sheet1!D17/Sheet1!$G$17 -> 0.75780644 | E17: SNU1 C13 | F17: 1 | H17: 0 | I17: 1.3382383 | J17: 0.90395526 | K17: 0.75780644 | L17: SNU1 C13 | M17: 1 | N17: 0 | O17: =Sheet1!P17/Sheet1!$G$17 -> 0.98312176 | P17: =Sheet1!Q17/Sheet1!$G$17 -> 0.91950692 | Q17: =Sheet1!R17/Sheet1!$G$17 -> 0.55318584 | R17: SNU1 C13 | S17: 1
A18: 50000 | B18: =Sheet1!B18/Sheet1!$G$25 -> 0.29864114 | C18: =Sheet1!C18/Sheet1!$G$25 -> 0.29092032 | D18: =Sheet1!D18/Sheet1!$G$25 -> 0.285979 | E18: SNU1 C24 | F18: 1 | H18: 50000 | I18: 0.29864114 | J18: 0.29092032 | K18: 0.285979 | L18: SNU1 C24 | M18: 1 | N18: 50000 | O18: =Sheet1!P18/Sheet1!$G$25 -> 0.1979617 | P18: =Sheet1!Q18/Sheet1!$G$25 -> 0.19672637 | Q18: =Sheet1!R18/Sheet1!$G$25 -> 0.17665225 | R18: SNU1 C24 | S18: 1
A19: 12500 | B19: =Sheet1!B19/Sheet1!$G$25 -> 0.28567017 | C19: =Sheet1!C19/Sheet1!$G$25 -> 0.28103768 | D19: =Sheet1!D19/Sheet1!$G$25 -> 0.21124151 | E19: SNU1 C24 | F19: 1 | H19: 12500 | I19: 0.28567017 | J19: 0.28103768 | K19: 0.21124151 | L19: SNU1 C24 | M19: 1 | N19: 12500 | O19: =Sheet1!P19/Sheet1!$G$25 -> 0.18128474 | P19: =Sheet1!Q19/Sheet1!$G$25 -> 0.19302038 | Q19: =Sheet1!R19/Sheet1!$G$25 -> 0.16985794 | R19: SNU1 C24 | S19: 1
A20: 3125 | B20: =Sheet1!B20/Sheet1!$G$25 -> 0.31717109 | C20: =Sheet1!C20/Sheet1!$G$25 -> 0.17634342 | D20: =Sheet1!D20/Sheet1!$G$25 -> 0.19610871 | E20: SNU1 C24 | F20: 1 | H20: 3125 | I20: 0.31717109 | J20: 0.17634342 | K20: 0.19610871 | L20: SNU1 C24 | M20: 1 | N20: 3125 | O20: =Sheet1!P20/Sheet1!$G$25 -> 0.16769611 | P20: =Sheet1!Q20/Sheet1!$G$25 -> 0.15472514 | Q20: =Sheet1!R20/Sheet1!$G$25 -> 0.15657813 | R20: SNU1 C24 | S20: 1
A21: 781.25 | B21: =Sheet1!B21/Sheet1!$G$25 -> 0.30172946 | C21: =Sheet1!C21/Sheet1!$G$25 -> 0.22853613 | D21: =Sheet1!D21/Sheet1!$G$25 -> 0.096046943 | E21: SNU1 C24 | F21: 1 | H21: 781.25 | I21: 0.30172946 | J21: 0.22853613 | K21: 0.096046943 | L21: SNU1 C24 | M21: 1 | N21: 781.25 | O21: =Sheet1!P21/Sheet1!$G$25 -> 0.21710933 | P21: =Sheet1!Q21/Sheet1!$G$25 -> 0.21680049 | Q21: =Sheet1!R21/Sheet1!$G$25 -> 0.26374305 | R21: SNU1 C24 | S21: 1
A22: 195.3125 | B22: =Sheet1!B22/Sheet1!$G$25 -> 0.48702903 | C22: =Sheet1!C22/Sheet1!$G$25 -> 0.26466955 | D22: =Sheet1!D22/Sheet1!$G$25 -> 0.39252625 | E22: SNU1 C24 | F22: 1 | H22: 195.3125 | I22: 0.48702903 | J22: 0.26466955 | K22: 0.39252625 | L22: SNU1 C24 | M22: 1 | N22: 195.3125 | O22: =Sheet1!P22/Sheet1!$G$25 -> 0.35392217 | P22: =Sheet1!Q22/Sheet1!$G$25 -> 0.32273008 | Q22: =Sheet1!R22/Sheet1!$G$25 -> 0.28752316 | R22: SNU1 C24 | S22: 1
A23: 48.828125 | B23: =Sheet1!B23/Sheet1!$G$25 -> 0.62476838 | C23: =Sheet1!C23/Sheet1!$G$25 -> 0.46757258 | D23: =Sheet1!D23/Sheet1!$G$25 -> 0.38202594 | E23: SNU1 C24 | F23: 1 | H23: 48.828125 | I23: 0.62476838 | J23: 0.46757258 | K23: 0.38202594 | L23: SNU1 C24 | M23: 1 | N23: 48.828125 | O23: =Sheet1!P23/Sheet1!$G$25 -> 0.42155652 | P23: =Sheet1!Q23/Sheet1!$G$25 -> 0.44749846 | Q23: =Sheet1!R23/Sheet1!$G$25 -> 0.40117356 | R23: SNU1 C24 | S23: 1
A24: 12.207031 | B24: =Sheet1!B24/Sheet1!$G$25 -> 0.44193947 | C24: =Sheet1!C24/Sheet1!$G$25 -> 0.41815936 | D24: =Sheet1!D24/Sheet1!$G$25 -> 0.33168623 | E24: SNU1 C24 | F24: 1 | H24: 12.207031 | I24: 0.44193947 | J24: 0.41815936 | K24: 0.33168623 | L24: SNU1 C24 | M24: 1 | N24: 12.207031 | O24: =Sheet1!P24/Sheet1!$G$25 -> 0.56917851 | P24: =Sheet1!Q24/Sheet1!$G$25 -> 0.82612724 | Q24: =Sheet1!R24/Sheet1!$G$25 -> 0.73965411 | R24: SNU1 C24 | S24: 1
A25: 0 | B25: =Sheet1!B25/Sheet1!$G$25 -> 1.0799876 | C25: =Sheet1!C25/Sheet1!$G$25 -> 0.69919704 | D25: =Sheet1!D25/Sheet1!$G$25 -> 1.2208153 | E25: SNU1 C24 | F25: 1 | H25: 0 | I25: 1.0799876 | J25: 0.69919704 | K25: 1.2208153 | L25: SNU1 C24 | M25: 1 | N25: 0 | O25: =Sheet1!P25/Sheet1!$G$25 -> 1.5945028 | P25: =Sheet1!Q25/Sheet1!$G$25 -> 1.5271773 | Q25: =Sheet1!R25/Sheet1!$G$25 -> 1.5355158 | R25: SNU1 C24 | S25: 1
A26: 50000 | B26: =Sheet1!B26/Sheet1!$G$33 -> 0.010669775 | C26: =Sheet1!C26/Sheet1!$G$33 -> 0.012642338 | D26: =Sheet1!D26/Sheet1!$G$33 -> 0.013269972 | E26: SNU1 C111 | F26: 1 | H26: 50000 | I26: 0.010669775 | J26: 0.012642338 | K26: 0.013269972 | L26: SNU1 C111 | M26: 1 | N26: 50000 | O26: =Sheet1!P26/Sheet1!$G$33 -> 0 | P26: =Sheet1!Q26/Sheet1!$G$33 -> 0 | Q26: =Sheet1!R26/Sheet1!$G$33 -> 0 | R26: SNU1 C111 | S26: 1
A27: 12500 | B27: =Sheet1!B27/Sheet1!$G$33 -> 0.039182283 | C27: =Sheet1!C27/Sheet1!$G$33 -> 0.037299381 | D27: =Sheet1!D27/Sheet1!$G$33 -> 0.042051466 | E27: SNU1 C111 | F27: 1 | H27: 12500 | I27: 0.039182283 | J27: 0.037299381 | K27: 0.042051466 | L27: SNU1 C111 | M27: 1 | N27: 12500 | O27: =Sheet1!P27/Sheet1!$G$33 -> 0 | P27: =Sheet1!Q27/Sheet1!$G$33 -> 0 | Q27: =Sheet1!R27/Sheet1!$G$33 -> 0 | R27: SNU1 C111 | S27: 1
A28: 3125 | B28: =Sheet1!B28/Sheet1!$G$33 -> 0.0092351834 | C28: =Sheet1!C28/Sheet1!$G$33 -> 0.036223438 | D28: =Sheet1!D28/Sheet1!$G$33 -> 0.019635972 | E28: SNU1 C111 | F28: 1 | H28: 3125 | I28: 0.0092351834 | J28: 0.036223438 | K28: 0.019635972 | L28: SNU1 C111 | M28: 1 | N28: 3125 | O28: =Sheet1!P28/Sheet1!$G$33 -> 0 | P28: =Sheet1!Q28/Sheet1!$G$33 -> 0 | Q28: =Sheet1!R28/Sheet1!$G$33 -> 0 | R28: SNU1 C111 | S28: 1
A29: 781.25 | B29: =Sheet1!B29/Sheet1!$G$33 -> 0.011835381 | C29: =Sheet1!C29/Sheet1!$G$33 -> 0.0064556622 | D29: =Sheet1!D29/Sheet1!$G$33 -> 0.007083296 | E29: SNU1 C111 | F29: 1 | H29: 781.25 | I29: 0.011835381 | J29: 0.0064556622 | K29: 0.007083296 | L29: SNU1 C111 | M29: 1 | N29: 781.25 | O29: =Sheet1!P29/Sheet1!$G$33 -> 0 | P29: =Sheet1!Q29/Sheet1!$G$33 -> 0 | Q29: =Sheet1!R29/Sheet1!$G$33 -> 0 | R29: SNU1 C111 | S29: 1
A30: 195.3125 | B30: =Sheet1!B30/Sheet1!$G$33 -> 0.015870169 | C30: =Sheet1!C30/Sheet1!$G$33 -> 0.019187663 | D30: =Sheet1!D30/Sheet1!$G$33 -> 0.031202367 | E30: SNU1 C111 | F30: 1 | H30: 195.3125 | I30: 0.015870169 | J30: 0.019187663 | K30: 0.031202367 | L30: SNU1 C111 | M30: 1 | N30: 195.3125 | O30: =Sheet1!P30/Sheet1!$G$33 -> 0 | P30: =Sheet1!Q30/Sheet1!$G$33 -> 0 | Q30: =Sheet1!R30/Sheet1!$G$33 -> 0 | R30: SNU1 C111 | S30: 1
A31: 48.828125 | B31: =Sheet1!B31/Sheet1!$G$33 -> 0.22881736 | C31: =Sheet1!C31/Sheet1!$G$33 -> 0.073164171 | D31: =Sheet1!D31/Sheet1!$G$33 -> 0.14722496 | E31: SNU1 C111 | F31: 1 | H31: 48.828125 | I31: 0.22881736 | J31: 0.073164171 | K31: 0.14722496 | L31: SNU1 C111 | M31: 1 | N31: 48.828125 | O31: =Sheet1!P31/Sheet1!$G$33 -> 0 | P31: =Sheet1!Q31/Sheet1!$G$33 -> 0 | Q31: =Sheet1!R31/Sheet1!$G$33 -> 0 | R31: SNU1 C111 | S31: 1
A32: 12.207031 | B32: =Sheet1!B32/Sheet1!$G$33 -> 0.2489913 | C32: =Sheet1!C32/Sheet1!$G$33 -> 0.22003049 | D32: =Sheet1!D32/Sheet1!$G$33 -> 0.28611136 | E32: SNU1 C111 | F32: 1 | H32: 12.207031 | I32: 0.2489913 | J32: 0.22003049 | K32: 0.28611136 | L32: SNU1 C111 | M32: 1 | N32: 12.207031 | O32: =Sheet1!P32/Sheet1!$G$33 -> 0 | P32: =Sheet1!Q32/Sheet1!$G$33 -> 0 | Q32: =Sheet1!R32/Sheet1!$G$33 -> 0 | R32: SNU1 C111 | S32: 1
A33: 0 | B33: =Sheet1!B33/Sheet1!$G$33 -> 0.98206761 | C33: =Sheet1!C33/Sheet1!$G$33 -> 1.0339819 | D33: =Sheet1!D33/Sheet1!$G$33 -> 0.98395051 | E33: SNU1 C111 | F33: 1 | H33: 0 | I33: 0.98206761 | J33: 1.0339819 | K33: 0.98395051 | L33: SNU1 C111 | M33: 1 | N33: 0 | O33: =Sheet1!P33/Sheet1!$G$33 -> 0 | P33: =Sheet1!Q33/Sheet1!$G$33 -> 0 | Q33: =Sheet1!R33/Sheet1!$G$33 -> 0 | R33: SNU1 C111 | S33: 1
A34: 50000 | B34: =Sheet1!B34/Sheet1!$G$41 -> 0.020560796 | C34: =Sheet1!C34/Sheet1!$G$41 -> 0.021264398 | D34: =Sheet1!D34/Sheet1!$G$41 -> 0.021498932 | E34: SNU1 C114 | F34: 1 | H34: 50000 | I34: 0.020560796 | J34: 0.021264398 | K34: 0.021498932 | L34: SNU1 C114 | M34: 1 | N34: 50000 | O34: =Sheet1!P34/Sheet1!$G$41 -> 0 | P34: =Sheet1!Q34/Sheet1!$G$41 -> 0 | Q34: =Sheet1!R34/Sheet1!$G$41 -> 0 | R34: SNU1 C114 | S34: 1
A35: 12500 | B35: =Sheet1!B35/Sheet1!$G$41 -> 0.071298275 | C35: =Sheet1!C35/Sheet1!$G$41 -> 0.08169594 | D35: =Sheet1!D35/Sheet1!$G$41 -> 0.078647001 | E35: SNU1 C114 | F35: 1 | H35: 12500 | I35: 0.071298275 | J35: 0.08169594 | K35: 0.078647001 | L35: SNU1 C114 | M35: 1 | N35: 12500 | O35: =Sheet1!P35/Sheet1!$G$41 -> 0 | P35: =Sheet1!Q35/Sheet1!$G$41 -> 0 | Q35: =Sheet1!R35/Sheet1!$G$41 -> 0 | R35: SNU1 C114 | S35: 1
A36: 3125 | B36: =Sheet1!B36/Sheet1!$G$41 -> 0.086464794 | C36: =Sheet1!C36/Sheet1!$G$41 -> 0.091624537 | D36: =Sheet1!D36/Sheet1!$G$41 -> 0.1332152 | E36: SNU1 C114 | F36: 1 | H36: 3125 | I36: 0.086464794 | J36: 0.091624537 | K36: 0.1332152 | L36: SNU1 C114 | M36: 1 | N36: 3125 | O36: =Sheet1!P36/Sheet1!$G$41 -> 0 | P36: =Sheet1!Q36/Sheet1!$G$41 -> 0 | Q36: =Sheet1!R36/Sheet1!$G$41 -> 0 | R36: SNU1 C114 | S36: 1
A37: 781.25 | B37: =Sheet1!B37/Sheet1!$G$41 -> 0.1052275 | C37: =Sheet1!C37/Sheet1!$G$41 -> 0.087950175 | D37: =Sheet1!D37/Sheet1!$G$41 -> 0.1105436 | E37: SNU1 C114 | F37: 1 | H37: 781.25 | I37: 0.1052275 | J37: 0.087950175 | K37: 0.1105436 | L37: SNU1 C114 | M37: 1 | N37: 781.25 | O37: =Sheet1!P37/Sheet1!$G$41 -> 0 | P37: =Sheet1!Q37/Sheet1!$G$41 -> 0 | Q37: =Sheet1!R37/Sheet1!$G$41 -> 0 | R37: SNU1 C114 | S37: 1
A38: 195.3125 | B38: =Sheet1!B38/Sheet1!$G$41 -> 0.087793819 | C38: =Sheet1!C38/Sheet1!$G$41 -> 0.044014176 | D38: =Sheet1!D38/Sheet1!$G$41 -> 0.25368739 | E38: SNU1 C114 | F38: 1 | H38: 195.3125 | I38: 0.087793819 | J38: 0.044014176 | K38: 0.25368739 | L38: SNU1 C114 | M38: 1 | N38: 195.3125 | O38: =Sheet1!P38/Sheet1!$G$41 -> 0 | P38: =Sheet1!Q38/Sheet1!$G$41 -> 0 | Q38: =Sheet1!R38/Sheet1!$G$41 -> 0 | R38: SNU1 C114 | S38: 1
A39: 48.828125 | B39: =Sheet1!B39/Sheet1!$G$41 -> 0.33999583 | C39: =Sheet1!C39/Sheet1!$G$41 -> 0.29465263 | D39: =Sheet1!D39/Sheet1!$G$41 -> 0.3684526 | E39: SNU1 C114 | F39: 1 | H39: 48.828125 | I39: 0.33999583 | J39: 0.29465263 | K39: 0.3684526 | L39: SNU1 C114 | M39: 1 | N39: 48.828125 | O39: =Sheet1!P39/Sheet1!$G$41 -> 0 | P39: =Sheet1!Q39/Sheet1!$G$41 -> 0 | Q39: =Sheet1!R39/Sheet1!$G$41 -> 0 | R39: SNU1 C114 | S39: 1
A40: 12.207031 | B40: =Sheet1!B40/Sheet1!$G$41 -> 0.38432272 | C40: =Sheet1!C40/Sheet1!$G$41 -> 0.37666128 | D40: =Sheet1!D40/Sheet1!$G$41 -> 0.42833689 | E40: SNU1 C114 | F40: 1 | H40: 12.207031 | I40: 0.38432272 | J40: 0.37666128 | K40: 0.42833689 | L40: SNU1 C114 | M40: 1 | N40: 12.207031 | O40: =Sheet1!P40/Sheet1!$G$41 -> 0 | P40: =Sheet1!Q40/Sheet1!$G$41 -> 0 | Q40: =Sheet1!R40/Sheet1!$G$41 -> 0 | R40: SNU1 C114 | S40: 1
A41: 0 | B41: =Sheet1!B41/Sheet1!$G$41 -> 0.79420962 | C41: =Sheet1!C41/Sheet1!$G$41 -> 1.0743993 | D41: =Sheet1!D41/Sheet1!$G$41 -> 1.131391 | E41: SNU1 C114 | F41: 1 | H41: 0 | I41: 0.79420962 | J41: 1.0743993 | K41: 1.131391 | L41: SNU1 C114 | M41: 1 | N41: 0 | O41: =Sheet1!P41/Sheet1!$G$41 -> 0 | P41: =Sheet1!Q41/Sheet1!$G$41 -> 0 | Q41: =Sheet1!R41/Sheet1!$G$41 -> 0 | R41: SNU1 C114 | S41: 1
A42: 5000 | B42: =Sheet1!B42/Sheet1!$G$49 -> 0.040619032 | C42: =Sheet1!C42/Sheet1!$G$49 -> 0.050141587 | D42: =Sheet1!D42/Sheet1!$G$49 -> 0.046071781 | E42: SNU1 C12 | F42: 2 | H42: 5000 | I42: 0.040619032 | J42: 0.050141587 | K42: 0.046071781 | L42: SNU1 C12 | M42: 2 | N42: 5000 | O42: =Sheet1!P42/Sheet1!$G$49 -> 0 | P42: =Sheet1!Q42/Sheet1!$G$49 -> 0 | Q42: =Sheet1!R42/Sheet1!$G$49 -> 0 | R42: SNU1 C12 | S42: 2
A43: 1250 | B43: =Sheet1!B43/Sheet1!$G$49 -> 0.065472506 | C43: =Sheet1!C43/Sheet1!$G$49 -> 0.065314455 | D43: =Sheet1!D43/Sheet1!$G$49 -> 0.062469542 | E43: SNU1 C12 | F43: 2 | H43: 1250 | I43: 0.065472506 | J43: 0.065314455 | K43: 0.062469542 | L43: SNU1 C12 | M43: 2 | N43: 1250 | O43: =Sheet1!P43/Sheet1!$G$49 -> 0 | P43: =Sheet1!Q43/Sheet1!$G$49 -> 0 | Q43: =Sheet1!R43/Sheet1!$G$49 -> 0 | R43: SNU1 C12 | S43: 2
A44: 312.5 | B44: =Sheet1!B44/Sheet1!$G$49 -> 0.25126111 | C44: =Sheet1!C44/Sheet1!$G$49 -> 0.28295028 | D44: =Sheet1!D44/Sheet1!$G$49 -> 0.21866315 | E44: SNU1 C12 | F44: 2 | H44: 312.5 | I44: 0.25126111 | J44: 0.28295028 | K44: 0.21866315 | L44: SNU1 C12 | M44: 2 | N44: 312.5 | O44: =Sheet1!P44/Sheet1!$G$49 -> 0 | P44: =Sheet1!Q44/Sheet1!$G$49 -> 0 | Q44: =Sheet1!R44/Sheet1!$G$49 -> 0 | R44: SNU1 C12 | S44: 2
A45: 78.125 | B45: =Sheet1!B45/Sheet1!$G$49 -> 0.55025354 | C45: =Sheet1!C45/Sheet1!$G$49 -> 0.66037537 | D45: =Sheet1!D45/Sheet1!$G$49 -> 0.6186895 | E45: SNU1 C12 | F45: 2 | H45: 78.125 | I45: 0.55025354 | J45: 0.66037537 | K45: 0.6186895 | L45: SNU1 C12 | M45: 2 | N45: 78.125 | O45: =Sheet1!P45/Sheet1!$G$49 -> 0 | P45: =Sheet1!Q45/Sheet1!$G$49 -> 0 | Q45: =Sheet1!R45/Sheet1!$G$49 -> 0 | R45: SNU1 C12 | S45: 2
A46: 19.53125 | B46: =Sheet1!B46/Sheet1!$G$49 -> 0.71577214 | C46: =Sheet1!C46/Sheet1!$G$49 -> 0.66851498 | D46: =Sheet1!D46/Sheet1!$G$49 -> 0.71695752 | E46: SNU1 C12 | F46: 2 | H46: 19.53125 | I46: 0.71577214 | J46: 0.66851498 | K46: 0.71695752 | L46: SNU1 C12 | M46: 2 | N46: 19.53125 | O46: =Sheet1!P46/Sheet1!$G$49 -> 0 | P46: =Sheet1!Q46/Sheet1!$G$49 -> 0 | Q46: =Sheet1!R46/Sheet1!$G$49 -> 0 | R46: SNU1 C12 | S46: 2
A47: 4.882813 | B47: =Sheet1!B47/Sheet1!$G$49 -> 0.73145868 | C47: =Sheet1!C47/Sheet1!$G$49 -> 0.72126441 | D47: =Sheet1!D47/Sheet1!$G$49 -> 0.68147514 | E47: SNU1 C12 | F47: 2 | H47: 4.882813 | I47: 0.73145868 | J47: 0.72126441 | K47: 0.68147514 | L47: SNU1 C12 | M47: 2 | N47: 4.882813 | O47: =Sheet1!P47/Sheet1!$G$49 -> 0 | P47: =Sheet1!Q47/Sheet1!$G$49 -> 0 | Q47: =Sheet1!R47/Sheet1!$G$49 -> 0 | R47: SNU1 C12 | S47: 2
A48: 1.220703 | B48: =Sheet1!B48/Sheet1!$G$49 -> 0.8904972 | C48: =Sheet1!C48/Sheet1!$G$49 -> 0.75777412 | D48: =Sheet1!D48/Sheet1!$G$49 -> 0.73418505 | E48: SNU1 C12 | F48: 2 | H48: 1.220703 | I48: 0.8904972 | J48: 0.75777412 | K48: 0.73418505 | L48: SNU1 C12 | M48: 2 | N48: 1.220703 | O48: =Sheet1!P48/Sheet1!$G$49 -> 0 | P48: =Sheet1!Q48/Sheet1!$G$49 -> 0 | Q48: =Sheet1!R48/Sheet1!$G$49 -> 0 | R48: SNU1 C12 | S48: 2
A49: 0 | B49: =Sheet1!B49/Sheet1!$G$49 -> 1.0547514 | C49: =Sheet1!C49/Sheet1!$G$49 -> 1.0094699 | D49: =Sheet1!D49/Sheet1!$G$49 -> 0.93577873 | E49: SNU1 C12 | F49: 2 | H49: 0 | I49: 1.0547514 | J49: 1.0094699 | K49: 0.93577873 | L49: SNU1 C12 | M49: 2 | N49: 0 | O49: =Sheet1!P49/Sheet1!$G$49 -> 0 | P49: =Sheet1!Q49/Sheet1!$G$49 -> 0 | Q49: =Sheet1!R49/Sheet1!$G$49 -> 0 | R49: SNU1 C12 | S49: 2
A50: 5000 | B50: =Sheet1!B50/Sheet1!$G$57 -> 0.032101629 | C50: =Sheet1!C50/Sheet1!$G$57 -> 0.026171525 | D50: =Sheet1!D50/Sheet1!$G$57 -> 0.027831954 | E50: SNU1 C13 | F50: 2 | H50: 5000 | I50: 0.032101629 | J50: 0.026171525 | K50: 0.027831954 | L50: SNU1 C13 | M50: 2 | N50: 5000 | O50: =Sheet1!P50/Sheet1!$G$57 -> 0 | P50: =Sheet1!Q50/Sheet1!$G$57 -> 0 | Q50: =Sheet1!R50/Sheet1!$G$57 -> 0 | R50: SNU1 C13 | S50: 2
A51: 1250 | B51: =Sheet1!B51/Sheet1!$G$57 -> 0.073770492 | C51: =Sheet1!C51/Sheet1!$G$57 -> 0.074482104 | D51: =Sheet1!D51/Sheet1!$G$57 -> 0.072347267 | E51: SNU1 C13 | F51: 2 | H51: 1250 | I51: 0.073770492 | J51: 0.074482104 | K51: 0.072347267 | L51: SNU1 C13 | M51: 2 | N51: 1250 | O51: =Sheet1!P51/Sheet1!$G$57 -> 0 | P51: =Sheet1!Q51/Sheet1!$G$57 -> 0 | Q51: =Sheet1!R51/Sheet1!$G$57 -> 0 | R51: SNU1 C13 | S51: 2
A52: 312.5 | B52: =Sheet1!B52/Sheet1!$G$57 -> 0.82705182 | C52: =Sheet1!C52/Sheet1!$G$57 -> 0.68362237 | D52: =Sheet1!D52/Sheet1!$G$57 -> 0.72877023 | E52: SNU1 C13 | F52: 2 | H52: 312.5 | I52: 0.82705182 | J52: 0.68362237 | K52: 0.72877023 | L52: SNU1 C13 | M52: 2 | N52: 312.5 | O52: =Sheet1!P52/Sheet1!$G$57 -> 0 | P52: =Sheet1!Q52/Sheet1!$G$57 -> 0 | Q52: =Sheet1!R52/Sheet1!$G$57 -> 0 | R52: SNU1 C13 | S52: 2
A53: 78.125 | B53: =Sheet1!B53/Sheet1!$G$57 -> 1.3766538 | C53: =Sheet1!C53/Sheet1!$G$57 -> 1.4240156 | D53: =Sheet1!D53/Sheet1!$G$57 -> 1.3504823 | E53: SNU1 C13 | F53: 2 | H53: 78.125 | I53: 1.3766538 | J53: 1.4240156 | K53: 1.3504823 | L53: SNU1 C13 | M53: 2 | N53: 78.125 | O53: =Sheet1!P53/Sheet1!$G$57 -> 0 | P53: =Sheet1!Q53/Sheet1!$G$57 -> 0 | Q53: =Sheet1!R53/Sheet1!$G$57 -> 0 | R53: SNU1 C13 | S53: 2
A54: 19.53125 | B54: =Sheet1!B54/Sheet1!$G$57 -> 1.1600864 | C54: =Sheet1!C54/Sheet1!$G$57 -> 1.2062622 | D54: =Sheet1!D54/Sheet1!$G$57 -> 1.0040061 | E54: SNU1 C13 | F54: 2 | H54: 19.53125 | I54: 1.1600864 | J54: 1.2062622 | K54: 1.0040061 | L54: SNU1 C13 | M54: 2 | N54: 19.53125 | O54: =Sheet1!P54/Sheet1!$G$57 -> 0 | P54: =Sheet1!Q54/Sheet1!$G$57 -> 0 | Q54: =Sheet1!R54/Sheet1!$G$57 -> 0 | R54: SNU1 C13 | S54: 2
A55: 4.882813 | B55: =Sheet1!B55/Sheet1!$G$57 -> 1.02828 | C55: =Sheet1!C55/Sheet1!$G$57 -> 1.355938 | D55: =Sheet1!D55/Sheet1!$G$57 -> 1.0871066 | E55: SNU1 C13 | F55: 2 | H55: 4.882813 | I55: 1.02828 | J55: 1.355938 | K55: 1.0871066 | L55: SNU1 C13 | M55: 2 | N55: 4.882813 | O55: =Sheet1!P55/Sheet1!$G$57 -> 0 | P55: =Sheet1!Q55/Sheet1!$G$57 -> 0 | Q55: =Sheet1!R55/Sheet1!$G$57 -> 0 | R55: SNU1 C13 | S55: 2
A56: 1.220703 | B56: =Sheet1!B56/Sheet1!$G$57 -> 1.2435823 | C56: =Sheet1!C56/Sheet1!$G$57 -> 1.0064572 | D56: =Sheet1!D56/Sheet1!$G$57 -> 1.2028623 | E56: SNU1 C13 | F56: 2 | H56: 1.220703 | I56: 1.2435823 | J56: 1.0064572 | K56: 1.2028623 | L56: SNU1 C13 | M56: 2 | N56: 1.220703 | O56: =Sheet1!P56/Sheet1!$G$57 -> 0 | P56: =Sheet1!Q56/Sheet1!$G$57 -> 0 | Q56: =Sheet1!R56/Sheet1!$G$57 -> 0 | R56: SNU1 C13 | S56: 2
A57: 0 | B57: =Sheet1!B57/Sheet1!$G$57 -> 1.0291498 | C57: =Sheet1!C57/Sheet1!$G$57 -> 0.9575141 | D57: =Sheet1!D57/Sheet1!$G$57 -> 1.0133361 | E57: SNU1 C13 | F57: 2 | H57: 0 | I57: 1.0291498 | J57: 0.9575141 | K57: 1.0133361 | L57: SNU1 C13 | M57: 2 | N57: 0 | O57: =Sheet1!P57/Sheet1!$G$57 -> 0 | P57: =Sheet1!Q57/Sheet1!$G$57 -> 0 | Q57: =Sheet1!R57/Sheet1!$G$57 -> 0 | R57: SNU1 C13 | S57: 2
A58: 5000 | B58: =Sheet1!B58/Sheet1!$G$65 -> 0.16104257 | C58: =Sheet1!C58/Sheet1!$G$65 -> 0.16561811 | D58: =Sheet1!D58/Sheet1!$G$65 -> 0.1980554 | E58: SNU1 C24 | F58: 2 | H58: 5000 | I58: 0.16104257 | J58: 0.16561811 | K58: 0.1980554 | L58: SNU1 C24 | M58: 2 | N58: 5000 | O58: =Sheet1!P58/Sheet1!$G$65 -> 0 | P58: =Sheet1!Q58/Sheet1!$G$65 -> 0 | Q58: =Sheet1!R58/Sheet1!$G$65 -> 0 | R58: SNU1 C24 | S58: 2
A59: 1250 | B59: =Sheet1!B59/Sheet1!$G$65 -> 0.19552251 | C59: =Sheet1!C59/Sheet1!$G$65 -> 0.20475529 | D59: =Sheet1!D59/Sheet1!$G$65 -> 0.19928099 | E59: SNU1 C24 | F59: 2 | H59: 1250 | I59: 0.19552251 | J59: 0.20475529 | K59: 0.19928099 | L59: SNU1 C24 | M59: 2 | N59: 1250 | O59: =Sheet1!P59/Sheet1!$G$65 -> 0 | P59: =Sheet1!Q59/Sheet1!$G$65 -> 0 | Q59: =Sheet1!R59/Sheet1!$G$65 -> 0 | R59: SNU1 C24 | S59: 2
A60: 312.5 | B60: =Sheet1!B60/Sheet1!$G$65 -> 0.33417763 | C60: =Sheet1!C60/Sheet1!$G$65 -> 0.27918948 | D60: =Sheet1!D60/Sheet1!$G$65 -> 0.3365471 | E60: SNU1 C24 | F60: 2 | H60: 312.5 | I60: 0.33417763 | J60: 0.27918948 | K60: 0.3365471 | L60: SNU1 C24 | M60: 2 | N60: 312.5 | O60: =Sheet1!P60/Sheet1!$G$65 -> 0 | P60: =Sheet1!Q60/Sheet1!$G$65 -> 0 | Q60: =Sheet1!R60/Sheet1!$G$65 -> 0 | R60: SNU1 C24 | S60: 2
A61: 78.125 | B61: =Sheet1!B61/Sheet1!$G$65 -> 0.50126644 | C61: =Sheet1!C61/Sheet1!$G$65 -> 0.49432143 | D61: =Sheet1!D61/Sheet1!$G$65 -> 0.4640902 | E61: SNU1 C24 | F61: 2 | H61: 78.125 | I61: 0.50126644 | J61: 0.49432143 | K61: 0.4640902 | L61: SNU1 C24 | M61: 2 | N61: 78.125 | O61: =Sheet1!P61/Sheet1!$G$65 -> 0 | P61: =Sheet1!Q61/Sheet1!$G$65 -> 0 | Q61: =Sheet1!R61/Sheet1!$G$65 -> 0 | R61: SNU1 C24 | S61: 2
A62: 19.53125 | B62: =Sheet1!B62/Sheet1!$G$65 -> 0.53272326 | C62: =Sheet1!C62/Sheet1!$G$65 -> 0.48990931 | D62: =Sheet1!D62/Sheet1!$G$65 -> 0.50976387 | E62: SNU1 C24 | F62: 2 | H62: 19.53125 | I62: 0.53272326 | J62: 0.48990931 | K62: 0.50976387 | L62: SNU1 C24 | M62: 2 | N62: 19.53125 | O62: =Sheet1!P62/Sheet1!$G$65 -> 0 | P62: =Sheet1!Q62/Sheet1!$G$65 -> 0 | Q62: =Sheet1!R62/Sheet1!$G$65 -> 0 | R62: SNU1 C24 | S62: 2
A63: 4.882813 | B63: =Sheet1!B63/Sheet1!$G$65 -> 0.65520059 | C63: =Sheet1!C63/Sheet1!$G$65 -> 0.61500123 | D63: =Sheet1!D63/Sheet1!$G$65 -> 0.49464826 | E63: SNU1 C24 | F63: 2 | H63: 4.882813 | I63: 0.65520059 | J63: 0.61500123 | K63: 0.49464826 | L63: SNU1 C24 | M63: 2 | N63: 4.882813 | O63: =Sheet1!P63/Sheet1!$G$65 -> 0 | P63: =Sheet1!Q63/Sheet1!$G$65 -> 0 | Q63: =Sheet1!R63/Sheet1!$G$65 -> 0 | R63: SNU1 C24 | S63: 2
A64: 1.220703 | B64: =Sheet1!B64/Sheet1!$G$65 -> 0.80178119 | C64: =Sheet1!C64/Sheet1!$G$65 -> 0.690661 | D64: =Sheet1!D64/Sheet1!$G$65 -> 0.75904894 | E64: SNU1 C24 | F64: 2 | H64: 1.220703 | I64: 0.80178119 | J64: 0.690661 | K64: 0.75904894 | L64: SNU1 C24 | M64: 2 | N64: 1.220703 | O64: =Sheet1!P64/Sheet1!$G$65 -> 0 | P64: =Sheet1!Q64/Sheet1!$G$65 -> 0 | Q64: =Sheet1!R64/Sheet1!$G$65 -> 0 | R64: SNU1 C24 | S64: 2
A65: 0 | B65: =Sheet1!B65/Sheet1!$G$65 -> 1.2396438 | C65: =Sheet1!C65/Sheet1!$G$65 -> 0.96985048 | D65: =Sheet1!D65/Sheet1!$G$65 -> 0.79050576 | E65: SNU1 C24 | F65: 2 | H65: 0 | I65: 1.2396438 | J65: 0.96985048 | K65: 0.79050576 | L65: SNU1 C24 | M65: 2 | N65: 0 | O65: =Sheet1!P65/Sheet1!$G$65 -> 0 | P65: =Sheet1!Q65/Sheet1!$G$65 -> 0 | Q65: =Sheet1!R65/Sheet1!$G$65 -> 0 | R65: SNU1 C24 | S65: 2
A66: 5000 | B66: =Sheet1!B66/Sheet1!$G$73 -> 0.072541988 | C66: =Sheet1!C66/Sheet1!$G$73 -> 0.075240564 | D66: =Sheet1!D66/Sheet1!$G$73 -> 0.067748464 | E66: SNU1 C111 | F66: 2 | H66: 5000 | I66: 0.072541988 | J66: 0.075240564 | K66: 0.067748464 | L66: SNU1 C111 | M66: 2 | N66: 5000 | O66: =Sheet1!P66/Sheet1!$G$73 -> 0 | P66: =Sheet1!Q66/Sheet1!$G$73 -> 0 | Q66: =Sheet1!R66/Sheet1!$G$73 -> 0 | R66: SNU1 C111 | S66: 2
A67: 1250 | B67: =Sheet1!B67/Sheet1!$G$73 -> 0.081347868 | C67: =Sheet1!C67/Sheet1!$G$73 -> 0.071760821 | D67: =Sheet1!D67/Sheet1!$G$73 -> 0.079181905 | E67: SNU1 C111 | F67: 2 | H67: 1250 | I67: 0.081347868 | J67: 0.071760821 | K67: 0.079181905 | L67: SNU1 C111 | M67: 2 | N67: 1250 | O67: =Sheet1!P67/Sheet1!$G$73 -> 0 | P67: =Sheet1!Q67/Sheet1!$G$73 -> 0 | Q67: =Sheet1!R67/Sheet1!$G$73 -> 0 | R67: SNU1 C111 | S67: 2
A68: 312.5 | B68: =Sheet1!B68/Sheet1!$G$73 -> 0.2543408 | C68: =Sheet1!C68/Sheet1!$G$73 -> 0.21837162 | D68: =Sheet1!D68/Sheet1!$G$73 -> 0.24652913 | E68: SNU1 C111 | F68: 2 | H68: 312.5 | I68: 0.2543408 | J68: 0.21837162 | K68: 0.24652913 | L68: SNU1 C111 | M68: 2 | N68: 312.5 | O68: =Sheet1!P68/Sheet1!$G$73 -> 0 | P68: =Sheet1!Q68/Sheet1!$G$73 -> 0 | Q68: =Sheet1!R68/Sheet1!$G$73 -> 0 | R68: SNU1 C111 | S68: 2
A69: 78.125 | B69: =Sheet1!B69/Sheet1!$G$73 -> 0.58147214 | C69: =Sheet1!C69/Sheet1!$G$73 -> 0.56932855 | D69: =Sheet1!D69/Sheet1!$G$73 -> 0.63228349 | E69: SNU1 C111 | F69: 2 | H69: 78.125 | I69: 0.58147214 | J69: 0.56932855 | K69: 0.63228349 | L69: SNU1 C111 | M69: 2 | N69: 78.125 | O69: =Sheet1!P69/Sheet1!$G$73 -> 0 | P69: =Sheet1!Q69/Sheet1!$G$73 -> 0 | Q69: =Sheet1!R69/Sheet1!$G$73 -> 0 | R69: SNU1 C111 | S69: 2
A70: 19.53125 | B70: =Sheet1!B70/Sheet1!$G$73 -> 0.64645102 | C70: =Sheet1!C70/Sheet1!$G$73 -> 0.67798175 | D70: =Sheet1!D70/Sheet1!$G$73 -> 0.57099741 | E70: SNU1 C111 | F70: 2 | H70: 19.53125 | I70: 0.64645102 | J70: 0.67798175 | K70: 0.57099741 | L70: SNU1 C111 | M70: 2 | N70: 19.53125 | O70: =Sheet1!P70/Sheet1!$G$73 -> 0 | P70: =Sheet1!Q70/Sheet1!$G$73 -> 0 | Q70: =Sheet1!R70/Sheet1!$G$73 -> 0 | R70: SNU1 C111 | S70: 2
A71: 4.882813 | B71: =Sheet1!B71/Sheet1!$G$73 -> 0.73372865 | C71: =Sheet1!C71/Sheet1!$G$73 -> 0.75382594 | D71: =Sheet1!D71/Sheet1!$G$73 -> 0.6997834 | E71: SNU1 C111 | F71: 2 | H71: 4.882813 | I71: 0.73372865 | J71: 0.75382594 | K71: 0.6997834 | L71: SNU1 C111 | M71: 2 | N71: 4.882813 | O71: =Sheet1!P71/Sheet1!$G$73 -> 0 | P71: =Sheet1!Q71/Sheet1!$G$73 -> 0 | Q71: =Sheet1!R71/Sheet1!$G$73 -> 0 | R71: SNU1 C111 | S71: 2
A72: 1.220703 | B72: =Sheet1!B72/Sheet1!$G$73 -> 0.77410077 | C72: =Sheet1!C72/Sheet1!$G$73 -> 0.80673224 | D72: =Sheet1!D72/Sheet1!$G$73 -> 0.81486347 | E72: SNU1 C111 | F72: 2 | H72: 1.220703 | I72: 0.77410077 | J72: 0.80673224 | K72: 0.81486347 | L72: SNU1 C111 | M72: 2 | N72: 1.220703 | O72: =Sheet1!P72/Sheet1!$G$73 -> 0 | P72: =Sheet1!Q72/Sheet1!$G$73 -> 0 | Q72: =Sheet1!R72/Sheet1!$G$73 -> 0 | R72: SNU1 C111 | S72: 2
A73: 0 | B73: =Sheet1!B73/Sheet1!$G$73 -> 1.0504563 | C73: =Sheet1!C73/Sheet1!$G$73 -> 0.9587757 | D73: =Sheet1!D73/Sheet1!$G$73 -> 0.99076803 | E73: SNU1 C111 | F73: 2 | H73: 0 | I73: 1.0504563 | J73: 0.9587757 | K73: 0.99076803 | L73: SNU1 C111 | M73: 2 | N73: 0 | O73: =Sheet1!P73/Sheet1!$G$73 -> 0 | P73: =Sheet1!Q73/Sheet1!$G$73 -> 0 | Q73: =Sheet1!R73/Sheet1!$G$73 -> 0 | R73: SNU1 C111 | S73: 2
A74: 5000 | B74: =Sheet1!B74/Sheet1!$G$81 -> 0.18090955 | C74: =Sheet1!C74/Sheet1!$G$81 -> 0.16620261 | D74: =Sheet1!D74/Sheet1!$G$81 -> 0.15892054 | E74: SNU1 C114 | F74: 2 | H74: 5000 | I74: 0.18090955 | J74: 0.16620261 | K74: 0.15892054 | L74: SNU1 C114 | M74: 2 | N74: 5000 | O74: =Sheet1!P74/Sheet1!$G$81 -> 0 | P74: =Sheet1!Q74/Sheet1!$G$81 -> 0 | Q74: =Sheet1!R74/Sheet1!$G$81 -> 0 | R74: SNU1 C114 | S74: 2
A75: 1250 | B75: =Sheet1!B75/Sheet1!$G$81 -> 0.21103734 | C75: =Sheet1!C75/Sheet1!$G$81 -> 0.21689155 | D75: =Sheet1!D75/Sheet1!$G$81 -> 0.20832441 | E75: SNU1 C114 | F75: 2 | H75: 1250 | I75: 0.21103734 | J75: 0.21689155 | K75: 0.20832441 | L75: SNU1 C114 | M75: 2 | N75: 1250 | O75: =Sheet1!P75/Sheet1!$G$81 -> 0 | P75: =Sheet1!Q75/Sheet1!$G$81 -> 0 | Q75: =Sheet1!R75/Sheet1!$G$81 -> 0 | R75: SNU1 C114 | S75: 2
A76: 312.5 | B76: =Sheet1!B76/Sheet1!$G$81 -> 0.48647105 | C76: =Sheet1!C76/Sheet1!$G$81 -> 0.45263083 | D76: =Sheet1!D76/Sheet1!$G$81 -> 0.48968373 | E76: SNU1 C114 | F76: 2 | H76: 312.5 | I76: 0.48647105 | J76: 0.45263083 | K76: 0.48968373 | L76: SNU1 C114 | M76: 2 | N76: 312.5 | O76: =Sheet1!P76/Sheet1!$G$81 -> 0 | P76: =Sheet1!Q76/Sheet1!$G$81 -> 0 | Q76: =Sheet1!R76/Sheet1!$G$81 -> 0 | R76: SNU1 C114 | S76: 2
A77: 78.125 | B77: =Sheet1!B77/Sheet1!$G$81 -> 0.86014136 | C77: =Sheet1!C77/Sheet1!$G$81 -> 0.82608696 | D77: =Sheet1!D77/Sheet1!$G$81 -> 0.90012137 | E77: SNU1 C114 | F77: 2 | H77: 78.125 | I77: 0.86014136 | J77: 0.82608696 | K77: 0.90012137 | L77: SNU1 C114 | M77: 2 | N77: 78.125 | O77: =Sheet1!P77/Sheet1!$G$81 -> 0 | P77: =Sheet1!Q77/Sheet1!$G$81 -> 0 | Q77: =Sheet1!R77/Sheet1!$G$81 -> 0 | R77: SNU1 C114 | S77: 2
A78: 19.53125 | B78: =Sheet1!B78/Sheet1!$G$81 -> 0.94559863 | C78: =Sheet1!C78/Sheet1!$G$81 -> 0.83979439 | D78: =Sheet1!D78/Sheet1!$G$81 -> 0.90440494 | E78: SNU1 C114 | F78: 2 | H78: 19.53125 | I78: 0.94559863 | J78: 0.83979439 | K78: 0.90440494 | L78: SNU1 C114 | M78: 2 | N78: 19.53125 | O78: =Sheet1!P78/Sheet1!$G$81 -> 0 | P78: =Sheet1!Q78/Sheet1!$G$81 -> 0 | Q78: =Sheet1!R78/Sheet1!$G$81 -> 0 | R78: SNU1 C114 | S78: 2
A79: 4.882813 | B79: =Sheet1!B79/Sheet1!$G$81 -> 0.86278289 | C79: =Sheet1!C79/Sheet1!$G$81 -> 0.88541444 | D79: =Sheet1!D79/Sheet1!$G$81 -> 0.90961662 | E79: SNU1 C114 | F79: 2 | H79: 4.882813 | I79: 0.86278289 | J79: 0.88541444 | K79: 0.90961662 | L79: SNU1 C114 | M79: 2 | N79: 4.882813 | O79: =Sheet1!P79/Sheet1!$G$81 -> 0 | P79: =Sheet1!Q79/Sheet1!$G$81 -> 0 | Q79: =Sheet1!R79/Sheet1!$G$81 -> 0 | R79: SNU1 C114 | S79: 2
A80: 1.220703 | B80: =Sheet1!B80/Sheet1!$G$81 -> 0.93396159 | C80: =Sheet1!C80/Sheet1!$G$81 -> 0.95473692 | D80: =Sheet1!D80/Sheet1!$G$81 -> 1.0565432 | E80: SNU1 C114 | F80: 2 | H80: 1.220703 | I80: 0.93396159 | J80: 0.95473692 | K80: 1.0565432 | L80: SNU1 C114 | M80: 2 | N80: 1.220703 | O80: =Sheet1!P80/Sheet1!$G$81 -> 0 | P80: =Sheet1!Q80/Sheet1!$G$81 -> 0 | Q80: =Sheet1!R80/Sheet1!$G$81 -> 0 | R80: SNU1 C114 | S80: 2
A81: 0 | B81: =Sheet1!B81/Sheet1!$G$81 -> 1.0069251 | C81: =Sheet1!C81/Sheet1!$G$81 -> 0.9358892 | D81: =Sheet1!D81/Sheet1!$G$81 -> 1.0571857 | E81: SNU1 C114 | F81: 2 | H81: 0 | I81: 1.0069251 | J81: 0.9358892 | K81: 1.0571857 | L81: SNU1 C114 | M81: 2 | N81: 0 | O81: =Sheet1!P81/Sheet1!$G$81 -> 0 | P81: =Sheet1!Q81/Sheet1!$G$81 -> 0 | Q81: =Sheet1!R81/Sheet1!$G$81 -> 0 | R81: SNU1 C114 | S81: 2
A82: 5000 | B82: =Sheet1!B82/Sheet1!$G$89 -> 0.040118979 | C82: =Sheet1!C82/Sheet1!$G$89 -> 0.039175856 | D82: =Sheet1!D82/Sheet1!$G$89 -> 0.033299478 | E82: SNU1 C12 | F82: 3 | H82: 5000 | I82: 0.040118979 | J82: 0.039175856 | K82: 0.033299478 | L82: SNU1 C12 | M82: 3 | N82: 5000 | O82: =Sheet1!P82/Sheet1!$G$89 -> 0 | P82: =Sheet1!Q82/Sheet1!$G$89 -> 0 | Q82: =Sheet1!R82/Sheet1!$G$89 -> 0 | R82: SNU1 C12 | S82: 3
A83: 1666.6667 | B83: =Sheet1!B83/Sheet1!$G$89 -> 0.044616947 | C83: =Sheet1!C83/Sheet1!$G$89 -> 0.041497388 | D83: =Sheet1!D83/Sheet1!$G$89 -> 0.04418166 | E83: SNU1 C12 | F83: 3 | H83: 1666.6667 | I83: 0.044616947 | J83: 0.041497388 | K83: 0.04418166 | L83: SNU1 C12 | M83: 3 | N83: 1666.6667 | O83: =Sheet1!P83/Sheet1!$G$89 -> 0 | P83: =Sheet1!Q83/Sheet1!$G$89 -> 0 | Q83: =Sheet1!R83/Sheet1!$G$89 -> 0 | R83: SNU1 C12 | S83: 3
A84: 555.55556 | B84: =Sheet1!B84/Sheet1!$G$89 -> 0.076973302 | C84: =Sheet1!C84/Sheet1!$G$89 -> 0.030542658 | D84: =Sheet1!D84/Sheet1!$G$89 -> 0.06028729 | E84: SNU1 C12 | F84: 3 | H84: 555.55556 | I84: 0.076973302 | J84: 0.030542658 | K84: 0.06028729 | L84: SNU1 C12 | M84: 3 | N84: 555.55556 | O84: =Sheet1!P84/Sheet1!$G$89 -> 0 | P84: =Sheet1!Q84/Sheet1!$G$89 -> 0 | Q84: =Sheet1!R84/Sheet1!$G$89 -> 0 | R84: SNU1 C12 | S84: 3
A85: 185.18518 | B85: =Sheet1!B85/Sheet1!$G$89 -> 0.18789901 | C85: =Sheet1!C85/Sheet1!$G$89 -> 0.33343006 | D85: =Sheet1!D85/Sheet1!$G$89 -> 0.41417586 | E85: SNU1 C12 | F85: 3 | H85: 185.18518 | I85: 0.18789901 | J85: 0.33343006 | K85: 0.41417586 | L85: SNU1 C12 | M85: 3 | N85: 185.18518 | O85: =Sheet1!P85/Sheet1!$G$89 -> 0 | P85: =Sheet1!Q85/Sheet1!$G$89 -> 0 | Q85: =Sheet1!R85/Sheet1!$G$89 -> 0 | R85: SNU1 C12 | S85: 3
A86: 61.728395 | B86: =Sheet1!B86/Sheet1!$G$89 -> 0.47083575 | C86: =Sheet1!C86/Sheet1!$G$89 -> 0.36963146 | D86: =Sheet1!D86/Sheet1!$G$89 -> 0.48919037 | E86: SNU1 C12 | F86: 3 | H86: 61.728395 | I86: 0.47083575 | J86: 0.36963146 | K86: 0.48919037 | L86: SNU1 C12 | M86: 3 | N86: 61.728395 | O86: =Sheet1!P86/Sheet1!$G$89 -> 0 | P86: =Sheet1!Q86/Sheet1!$G$89 -> 0 | Q86: =Sheet1!R86/Sheet1!$G$89 -> 0 | R86: SNU1 C12 | S86: 3
A87: 20.576132 | B87: =Sheet1!B87/Sheet1!$G$89 -> 0.38813117 | C87: =Sheet1!C87/Sheet1!$G$89 -> 0.59489263 | D87: =Sheet1!D87/Sheet1!$G$89 -> 0.56899304 | E87: SNU1 C12 | F87: 3 | H87: 20.576132 | I87: 0.38813117 | J87: 0.59489263 | K87: 0.56899304 | L87: SNU1 C12 | M87: 3 | N87: 20.576132 | O87: =Sheet1!P87/Sheet1!$G$89 -> 0 | P87: =Sheet1!Q87/Sheet1!$G$89 -> 0 | Q87: =Sheet1!R87/Sheet1!$G$89 -> 0 | R87: SNU1 C12 | S87: 3
A88: 6.858711 | B88: =Sheet1!B88/Sheet1!$G$89 -> 0.67614626 | C88: =Sheet1!C88/Sheet1!$G$89 -> 0.72054556 | D88: =Sheet1!D88/Sheet1!$G$89 -> 0.7790917 | E88: SNU1 C12 | F88: 3 | H88: 6.858711 | I88: 0.67614626 | J88: 0.72054556 | K88: 0.7790917 | L88: SNU1 C12 | M88: 3 | N88: 6.858711 | O88: =Sheet1!P88/Sheet1!$G$89 -> 0 | P88: =Sheet1!Q88/Sheet1!$G$89 -> 0 | Q88: =Sheet1!R88/Sheet1!$G$89 -> 0 | R88: SNU1 C12 | S88: 3
A89: 0 | B89: =Sheet1!B89/Sheet1!$G$89 -> 0.98099246 | C89: =Sheet1!C89/Sheet1!$G$89 -> 1.0200232 | D89: =Sheet1!D89/Sheet1!$G$89 -> 0.99898433 | E89: SNU1 C12 | F89: 3 | H89: 0 | I89: 0.98099246 | J89: 1.0200232 | K89: 0.99898433 | L89: SNU1 C12 | M89: 3 | N89: 0 | O89: =Sheet1!P89/Sheet1!$G$89 -> 0 | P89: =Sheet1!Q89/Sheet1!$G$89 -> 0 | Q89: =Sheet1!R89/Sheet1!$G$89 -> 0 | R89: SNU1 C12 | S89: 3
A90: 5000 | B90: =Sheet1!B90/Sheet1!$G$97 -> 0.025164924 | C90: =Sheet1!C90/Sheet1!$G$97 -> 0.027481899 | D90: =Sheet1!D90/Sheet1!$G$97 -> 0.017763475 | E90: SNU1 C13 | F90: 3 | H90: 5000 | I90: 0.025164924 | J90: 0.027481899 | K90: 0.017763475 | L90: SNU1 C13 | M90: 3 | N90: 5000 | O90: =Sheet1!P90/Sheet1!$G$97 -> 0 | P90: =Sheet1!Q90/Sheet1!$G$97 -> 0 | Q90: =Sheet1!R90/Sheet1!$G$97 -> 0 | R90: SNU1 C13 | S90: 3
A91: 1666.6667 | B91: =Sheet1!B91/Sheet1!$G$97 -> 0.046854385 | C91: =Sheet1!C91/Sheet1!$G$97 -> 0.058825422 | D91: =Sheet1!D91/Sheet1!$G$97 -> 0.053998391 | E91: SNU1 C13 | F91: 3 | H91: 1666.6667 | I91: 0.046854385 | J91: 0.058825422 | K91: 0.053998391 | L91: SNU1 C13 | M91: 3 | N91: 1666.6667 | O91: =Sheet1!P91/Sheet1!$G$97 -> 0 | P91: =Sheet1!Q91/Sheet1!$G$97 -> 0 | Q91: =Sheet1!R91/Sheet1!$G$97 -> 0 | R91: SNU1 C13 | S91: 3
A92: 555.55556 | B92: =Sheet1!B92/Sheet1!$G$97 -> 0.21020113 | C92: =Sheet1!C92/Sheet1!$G$97 -> 0.20672566 | D92: =Sheet1!D92/Sheet1!$G$97 -> 0.1287852 | E92: SNU1 C13 | F92: 3 | H92: 555.55556 | I92: 0.21020113 | J92: 0.20672566 | K92: 0.1287852 | L92: SNU1 C13 | M92: 3 | N92: 555.55556 | O92: =Sheet1!P92/Sheet1!$G$97 -> 0 | P92: =Sheet1!Q92/Sheet1!$G$97 -> 0 | Q92: =Sheet1!R92/Sheet1!$G$97 -> 0 | R92: SNU1 C13 | S92: 3
A93: 185.18518 | B93: =Sheet1!B93/Sheet1!$G$97 -> 0.99906677 | C93: =Sheet1!C93/Sheet1!$G$97 -> 0.74786806 | D93: =Sheet1!D93/Sheet1!$G$97 -> 0.22307321 | E93: SNU1 C13 | F93: 3 | H93: 185.18518 | I93: 0.99906677 | J93: 0.74786806 | K93: 0.22307321 | L93: SNU1 C13 | M93: 3 | N93: 185.18518 | O93: =Sheet1!P93/Sheet1!$G$97 -> 0 | P93: =Sheet1!Q93/Sheet1!$G$97 -> 0 | Q93: =Sheet1!R93/Sheet1!$G$97 -> 0 | R93: SNU1 C13 | S93: 3
A94: 61.728395 | B94: =Sheet1!B94/Sheet1!$G$97 -> 1.0150282 | C94: =Sheet1!C94/Sheet1!$G$97 -> 0.89879324 | D94: =Sheet1!D94/Sheet1!$G$97 -> 0.69335479 | E94: SNU1 C13 | F94: 3 | H94: 61.728395 | I94: 1.0150282 | J94: 0.89879324 | K94: 0.69335479 | L94: SNU1 C13 | M94: 3 | N94: 61.728395 | O94: =Sheet1!P94/Sheet1!$G$97 -> 0 | P94: =Sheet1!Q94/Sheet1!$G$97 -> 0 | Q94: =Sheet1!R94/Sheet1!$G$97 -> 0 | R94: SNU1 C13 | S94: 3
A95: 20.576132 | B95: =Sheet1!B95/Sheet1!$G$97 -> 0.90741754 | C95: =Sheet1!C95/Sheet1!$G$97 -> 0.76781979 | D95: =Sheet1!D95/Sheet1!$G$97 -> 0.83115044 | E95: SNU1 C13 | F95: 3 | H95: 20.576132 | I95: 0.90741754 | J95: 0.76781979 | K95: 0.83115044 | L95: SNU1 C13 | M95: 3 | N95: 20.576132 | O95: =Sheet1!P95/Sheet1!$G$97 -> 0 | P95: =Sheet1!Q95/Sheet1!$G$97 -> 0 | Q95: =Sheet1!R95/Sheet1!$G$97 -> 0 | R95: SNU1 C13 | S95: 3
A96: 6.858711 | B96: =Sheet1!B96/Sheet1!$G$97 -> 1.2266452 | C96: =Sheet1!C96/Sheet1!$G$97 -> 0.28440869 | D96: =Sheet1!D96/Sheet1!$G$97 -> 0.14333065 | E96: SNU1 C13 | F96: 3 | H96: 6.858711 | I96: 1.2266452 | J96: 0.28440869 | K96: 0.14333065 | L96: SNU1 C13 | M96: 3 | N96: 6.858711 | O96: =Sheet1!P96/Sheet1!$G$97 -> 0 | P96: =Sheet1!Q96/Sheet1!$G$97 -> 0 | Q96: =Sheet1!R96/Sheet1!$G$97 -> 0 | R96: SNU1 C13 | S96: 3
A97: 0 | B97: =Sheet1!B97/Sheet1!$G$97 -> 1.0334352 | C97: =Sheet1!C97/Sheet1!$G$97 -> 0.96656476 | D97: =Sheet1!D97/Sheet1!$G$97 -> 0.58149638 | E97: SNU1 C13 | F97: 3 | H97: 0 | I97: 1.0334352 | J97: 0.96656476 | K97: 0.58149638 | L97: SNU1 C13 | M97: 3 | N97: 0 | O97: =Sheet1!P97/Sheet1!$G$97 -> 0 | P97: =Sheet1!Q97/Sheet1!$G$97 -> 0 | Q97: =Sheet1!R97/Sheet1!$G$97 -> 0 | R97: SNU1 C13 | S97: 3
A98: 5000 | B98: =Sheet1!B98/Sheet1!$G$105 -> 0.12751989 | C98: =Sheet1!C98/Sheet1!$G$105 -> 0.12672414 | D98: =Sheet1!D98/Sheet1!$G$105 -> 0.1137931 | E98: SNU1 C24 | F98: 3 | H98: 5000 | I98: 0.12751989 | J98: 0.12672414 | K98: 0.1137931 | L98: SNU1 C24 | M98: 3 | N98: 5000 | O98: =Sheet1!P98/Sheet1!$G$105 -> 0 | P98: =Sheet1!Q98/Sheet1!$G$105 -> 0 | Q98: =Sheet1!R98/Sheet1!$G$105 -> 0 | R98: SNU1 C24 | S98: 3
A99: 1666.6667 | B99: =Sheet1!B99/Sheet1!$G$105 -> 0.11677719 | C99: =Sheet1!C99/Sheet1!$G$105 -> 0.12433687 | D99: =Sheet1!D99/Sheet1!$G$105 -> 0.10941645 | E99: SNU1 C24 | F99: 3 | H99: 1666.6667 | I99: 0.11677719 | J99: 0.12433687 | K99: 0.10941645 | L99: SNU1 C24 | M99: 3 | N99: 1666.6667 | O99: =Sheet1!P99/Sheet1!$G$105 -> 0 | P99: =Sheet1!Q99/Sheet1!$G$105 -> 0 | Q99: =Sheet1!R99/Sheet1!$G$105 -> 0 | R99: SNU1 C24 | S99: 3
A100: 555.55556 | B100: =Sheet1!B100/Sheet1!$G$105 -> 0.10802387 | C100: =Sheet1!C100/Sheet1!$G$105 -> 0.099668435 | D100: =Sheet1!D100/Sheet1!$G$105 -> 0.10086207 | E100: SNU1 C24 | F100: 3 | H100: 555.55556 | I100: 0.10802387 | J100: 0.099668435 | K100: 0.10086207 | L100: SNU1 C24 | M100: 3 | N100: 555.55556 | O100: =Sheet1!P100/Sheet1!$G$105 -> 0 | P100: =Sheet1!Q100/Sheet1!$G$105 -> 0 | Q100: =Sheet1!R100/Sheet1!$G$105 -> 0 | R100: SNU1 C24 | S100: 3
...

Sheet Sheet4
A1: Concentration (nM) | B1: Percent | C1: Cell line | D1: Run
A2: 50000 | B2: 0 | C2: SNU1 C12 | D2: 1
A3: 12500 | B3: 0 | C3: SNU1 C12 | D3: 1
A4: 3125 | B4: 0.08817278 | C4: SNU1 C12 | D4: 1
A5: 781.25 | B5: 0.083990401 | C5: SNU1 C12 | D5: 1
A6: 195.3125 | B6: 0.32910525 | C6: SNU1 C12 | D6: 1
A7: 48.828125 | B7: 0.60870758 | C7: SNU1 C12 | D7: 1
A8: 12.207031 | B8: 0.41652383 | C8: SNU1 C12 | D8: 1
A9: 0 | B9: 0.84072677 | C9: SNU1 C12 | D9: 1
A10: 50000 | B10: 0.060063676 | C10: SNU1 C13 | D10: 1
A11: 12500 | B11: 0.06649251 | C11: SNU1 C13 | D11: 1
A12: 3125 | B12: 0.035327973 | C12: SNU1 C13 | D12: 1
A13: 781.25 | B13: 0.042797665 | C13: SNU1 C13 | D13: 1
... A553: 0 | B553: 1.1125699 | C553: SNU1 C114 | D553: 5
